Name,US dollar,Euro,Japanese yen,Pound sterling,Canadian dollar,Swiss franc,Indian rupee,Chinese renmimbi,US dollar,Turkish lira,Saudi riyal,Indonesian rupiah,UAE dirham,Thai baht,Vietnamese dong,Egyptian pound,Korean won,Euro,Russian ruble,US dollar,South African rand,Chinese renmimbi,Canadian dollar,Australian dollar
31/12/1978,207.8,129.2,0,104.6,0,0,0,0,207.8,0,0,0,0,0,0,0,0,129.2,0,207.8,0,0,0,0
31/01/1979,227.3,139.5,44853.1,113.3,269.5,378.8,1852.8,0,227.3,0,754.1,"1,41,796.4",869.4,4582.2,0,0,"1,11,186.6",139.5,0,227.3,197,0,269.5,198.6
28/02/1979,245.7,151.3,49213.2,122.5,293.2,410.6,2010.4,0,245.7,0,822.3,"1,53,099.6",939.1,4949.5,0,0,"1,18,284.0",151.3,0,245.7,209.9,0,293.2,216.7
30/03/1979,242.1,149.3,49989.4,118.8,284.2,407.3,1974.9,0,242.1,0,810.1,"1,51,068.5",926.2,4884.5,0,0,"1,16,507.1",149.3,0,242.1,204.4,0,284.2,215.9
30/04/1979,239.2,148.8,51707.2,115.4,274.2,410.5,1960.9,0,239.2,0,817.3,"1,49,744.3",919.9,4842.6,0,0,"1,15,555.9",148.8,0,239.2,202.8,0,274.2,215.8
31/05/1979,257.6,161,56429.3,125.2,297.7,445.4,2119.4,0,257.6,0,870.7,"1,60,957.0",983.5,5208.5,0,0,"1,24,738.2",161,0,257.6,217.6,0,297.7,233
29/06/1979,279.1,173,61069.3,132.1,327.4,474.5,2248.9,0,279.1,0,941.3,"1,72,550.1",1064.8,5592.2,0,0,"1,32,563.7",173,0,279.1,235.6,0,327.4,251.1
31/07/1979,294.7,178.2,63843.1,130.5,343,486.1,2309.7,0,294.7,0,980.4,"1,82,837.9",1109.8,5881.5,0,0,"1,37,305.9",178.2,0,294.7,248.5,0,343,261.4
31/08/1979,300.8,182,65530.2,134.5,352,498.5,2409.8,0,300.8,0,1024.8,"1,90,103.6",1147.1,6194.9,0,0,"1,48,383.2",182,0,300.8,252,0,352,266.6
28/09/1979,355.1,212.4,78779.2,161.6,413,571.4,2865,0,355.1,0,1189.7,"2,21,560.7",1343.1,7260.9,0,0,"1,75,525.8",212.4,0,355.1,294.6,0,413,314.7
31/10/1979,391.7,235.4,90002.7,182.6,459.1,637.1,3204,0,391.7,0,1319,"2,45,305.8",1488.5,7981.6,0,0,"1,93,444.0",235.4,0,391.7,323.8,0,459.1,350.9
30/11/1979,392,234.8,95936.2,183.7,461.9,643.9,3183.5,0,392,0,1315.7,"2,44,624.9",1465.9,7876.6,0,0,"1,84,889.7",234.8,0,392,324.3,0,461.9,357.9
31/12/1979,455.1,268.2,"1,11,042.2",207.2,540.6,739.8,3731.8,0,455.1,0,1551.9,"2,88,307.7",1751.8,9383.5,0,0,"2,23,444.2",268.2,0,455.1,382,0,540.6,418.8
31/01/1980,675.3,395.1,"1,60,503.7",298,784.8,1076.1,5358,0,675.3,0,2264.6,"4,21,650.5",2551.9,13731.5,0,0,"3,23,082.0",395.1,0,675.3,553.1,0,784.8,607.6
29/02/1980,665.3,392.5,"1,62,529.5",290.5,769.6,1091.1,5286.7,0,665.3,0,2227.3,"4,15,365.3",2485.2,13469,0,0,"3,82,813.6",392.5,0,665.3,541.8,0,769.6,602.7
31/03/1980,553.6,343.6,"1,37,667.9",250.7,648.9,975.8,4511.5,0,553.6,0,1856.4,"3,46,958.8",2076.6,11287.7,0,0,"3,30,759.4",343.6,0,553.6,448.8,0,648.9,508
30/04/1980,517.4,326.1,"1,29,014.5",233.6,613.2,907,4164.4,0,517.4,0,1717.3,"3,22,285.8",1927.5,10475.5,0,0,"2,97,208.7",326.1,0,517.4,417.4,0,613.2,473.3
30/05/1980,513.8,312.8,"1,17,281.6",223.1,603.2,854.9,4053.3,0,513.8,0,1689.7,"3,17,460.1",1892.1,10391.1,0,0,"2,98,538.7",312.8,0,513.8,406.2,0,603.2,454.5
30/06/1980,600.7,361.2,"1,30,957.3",257,691.9,981.3,4711.1,0,600.7,0,2008.2,"3,76,502.8",2233.2,12248.2,0,0,"3,59,842.5",361.2,0,600.7,465.7,0,691.9,520.7
31/07/1980,644.3,384.8,"1,42,641.2",271.6,743.4,1038.1,5012.4,0,644.3,0,2142.5,"4,03,482.1",2387.6,13093.4,0,0,"3,86,803.2",384.8,0,644.3,493.6,0,743.4,556.8
29/08/1980,627.2,382.4,"1,40,384.5",264.5,726.4,1035,4867,0,627.2,0,2072.6,"3,90,973.1",2303.6,12705.7,0,0,"3,80,103.4",382.4,0,627.2,476.4,0,726.4,541.2
30/09/1980,673.6,412.4,"1,44,562.5",280.5,784.6,1104.9,5211.1,0,673.6,0,2235.2,"4,21,213.0",2481,13697.3,0,0,"4,14,638.8",412.4,0,673.6,507.4,0,784.6,575.6
31/10/1980,661.2,414.3,"1,38,469.5",273.6,773.7,1099.6,5112.3,0,661.2,0,2195.6,"4,13,691.1",2436.8,13461.8,0,0,"4,10,082.6",414.3,0,661.2,496.9,0,773.7,563.7
28/11/1980,623.5,406.1,"1,32,816.5",260.2,739.5,1078.2,4833.7,0,623.5,0,2071.2,"3,89,668.8",2292.5,12758.6,0,0,"4,12,966.0",406.1,0,623.5,468.3,0,739.5,534.2
31/12/1980,594.9,398.2,"1,24,946.0",253.7,712.9,1063.3,4705.2,0,594.9,0,1981.4,"3,72,789.8",2191,12193.5,0,0,"3,95,089.3",398.2,0,594.9,448.8,0,712.9,510.1
30/01/1981,557.4,380.4,"1,12,804.8",231.8,663.8,1015.5,4430,0,557.4,0,1858,"3,49,397.3",2048.5,11461.8,0,0,"3,65,942.3",380.4,0,557.4,417.5,0,663.8,472.3
27/02/1981,499.8,364.6,"1,03,241.8",217.9,601.2,978.3,4110.2,0,499.8,0,1672.7,"3,15,075.4",1846.2,10326,0,0,"3,43,626.8",364.6,0,499.8,388,0,601.2,431.7
31/03/1981,498.8,362.7,"1,04,319.8",223.3,594.9,960.1,4093.1,0,498.8,0,1670.6,"3,09,761.9",1815,10129.2,0,0,"3,31,019.4",362.7,0,498.8,394.9,0,594.9,429.3
30/04/1981,495.8,371.8,"1,06,571.4",227.6,590.9,979.1,4107.8,0,495.8,0,1665.1,"3,10,657.0",1822.5,10220.6,0,0,"3,43,587.5",371.8,0,495.8,402.4,0,590.9,430.5
29/05/1981,479.7,381.7,"1,06,059.3",229.8,576.6,993,4034,0,479.7,0,1621.3,"3,04,239.8",1777.1,9988,0,0,"3,33,923.1",381.7,0,479.7,402.6,0,576.6,421
30/06/1981,460.8,379.3,"1,03,252.4",233.4,553.9,955.4,3968.2,0,460.8,0,1565.4,"2,92,153.3",1744,9635.2,0,0,"3,29,168.7",379.3,0,460.8,399.5,0,553.9,403.5
31/07/1981,409.3,345.6,94977.3,218.3,495.2,857.9,3632.1,0,409.3,0,1397.4,"2,59,995.5",1519,8895.2,0,0,"2,88,074.3",345.6,0,409.3,376.8,0,495.2,358
31/08/1981,410.2,355.7,95704.3,225.3,501.8,889.9,3705,0,410.2,0,1401.9,"2,57,980.6",1503,9347.6,0,0,"2,85,034.9",355.7,0,410.2,389.6,0,501.8,360
30/09/1981,443.8,365.5,"1,01,783.1",244.4,532.4,898.5,4039.1,0,443.8,0,1515.8,"2,78,917.8",1626,10146.4,0,0,"3,08,812.4",365.5,0,443.8,420.1,0,532.4,386.2
30/10/1981,437.8,355.1,"1,01,182.9",237.7,526.2,823.7,3998.6,0,437.8,0,1494.8,"2,75,886.7",1606,10005.4,0,0,"2,94,256.2",355.1,0,437.8,418.2,0,526.2,382.7
30/11/1981,413.4,333.7,92357.6,217.4,491,737.6,3766.8,0,413.4,0,1413.7,"2,60,627.0",1512.7,9457.8,0,0,"2,75,135.7",333.7,0,413.4,397.9,0,491,361
31/12/1981,410.1,335.5,89639.3,215.3,486,744.2,3749.3,0,410.1,0,1403,"2,58,899.1",1509.2,9416.1,0,0,"2,90,364.4",335.5,0,410.1,397.5,0,486,361.5
29/01/1982,384.1,319.3,86326.3,203.6,458,708.6,3507,0,384.1,0,1313.7,"2,42,491.1",1417.5,8791.7,0,0,"2,72,239.4",319.3,0,384.1,370.9,0,458,344.9
26/02/1982,374.1,320.2,88211.4,202.6,454.1,708.8,3440.4,0,374.1,0,1280.5,"2,40,380.8",1379.4,8600.2,0,0,"2,69,699.2",320.2,0,374.1,367.1,0,454.1,345
31/03/1982,330.3,288.9,79645.7,182.8,403.1,623.7,3064.7,0,330.3,0,1129.5,"2,14,542.4",1214.9,7590.8,0,0,"2,37,031.3",288.9,0,330.3,337.2,0,403.1,311.6
30/04/1982,350.3,312.8,85434.5,197.8,428.9,687.5,3274.2,0,350.3,0,1199.8,"2,27,363.8",1281.6,7992.1,0,0,"2,53,268.7",312.8,0,350.3,368.8,0,428.9,332.9
31/05/1982,333.8,288.2,79283.4,184.4,412.5,652.6,3107,0,333.8,0,1147.8,"2,19,050.3",1233.9,7662.7,0,0,"2,39,277.3",288.2,0,333.8,356,0,412.5,315.6
30/06/1982,315,287.7,79099.8,179.2,401.1,654.3,2970,0,315,0,1079.9,"2,06,115.0",1157.6,7213.3,0,0,"2,34,991.2",287.7,0,315,351,0,401.1,304.8
30/07/1982,339,317.3,86107,195.3,428.9,707.6,3224.8,0,339,0,1162,"2,22,416.9",1244.5,7767.6,0,0,"2,51,382.6",317.3,0,339,387.4,0,428.9,334.2
31/08/1982,364.2,344.2,93958,210.8,452.3,765.8,3468.6,0,364.2,0,1250.9,"2,39,405.0",1331.4,8295.5,0,0,"2,70,972.4",344.2,0,364.2,417.6,0,452.3,371
30/09/1982,437.3,418,"1,15,172.3",255.3,541.2,937.3,4223.6,0,437.3,0,1508.3,"2,91,975.6",1611.1,10051.2,0,0,"3,29,230.5",418,0,437.3,503.9,0,541.2,456.8
29/10/1982,422.2,410.7,"1,14,652.9",248.7,519.9,917.9,4094,0,422.2,0,1454.9,"2,85,618.0",1553.4,9675.2,0,0,"3,13,452.5",410.7,0,422.2,489.9,0,519.9,447.9
30/11/1982,414.9,412.4,"1,09,638.1",254,508.8,910.3,4050.1,0,414.9,0,1427.5,"2,83,791.5",1527.4,9512.2,0,0,"3,16,916.9",412.4,0,414.9,472.8,0,508.8,440.1
31/12/1982,444.3,428.9,"1,08,127.7",274.6,549.1,914.7,4296.4,0,444.3,0,1526.1,"3,03,109.8",1625.1,10126.6,0,0,"3,31,485.5",428.9,0,444.3,482.5,0,549.1,459.8
31/01/1983,481.3,455.7,"1,12,746.3",306.1,593.6,951,4734.4,0,481.3,0.1,1661.7,"3,38,064.1",1784.8,11118.9,0,0,"3,72,926.0",455.7,0,481.3,514.8,0,593.6,492
28/02/1983,491.2,472.5,"1,16,692.8",320.6,605.7,996.9,4880.2,0,491.2,0.1,1698.8,"3,44,358.7",1811.5,11289,0,0,"3,89,136.0",472.5,0,491.2,541.5,0,605.7,510.3
31/03/1983,419.7,408.5,"1,00,267.5",281.7,515.7,869.2,4183.6,0,419.7,0.1,1448.1,"2,95,741.3",1551.6,9637,0,0,"3,22,000.9",408.5,0,419.7,458.8,0,515.7,476.5
29/04/1983,432.9,430.7,"1,02,951.2",280.7,533.5,890.9,4309,0,432.9,0.1,1494,"4,17,210.3",1582.7,9862.2,0,0,"3,19,074.1",430.7,0,432.9,473.4,0,533.5,498.8
31/05/1983,438,440.6,"1,02,665.1",278.5,537.6,900.6,4365,0,438,0.1,1509.7,"4,22,184.5",1598.7,9976.4,0,0,"3,33,815.3",440.6,0,438,473.5,0,537.6,497.4
30/06/1983,412.8,428.4,99216.1,266.8,508.9,872.4,4153.3,0,412.8,0.1,1428.5,"4,05,299.4",1527.2,9510.1,0,0,"3,29,646.0",428.4,0,412.8,451.2,0,508.9,471.4
29/07/1983,422.7,448,"1,01,689.0",276.7,520.6,895.7,4255.1,0,422.7,0.1,1460.7,"4,13,270.1",1552.8,9711.3,0,0,"3,28,822.8",448,0,422.7,463.5,0,520.6,482.7
31/08/1983,416.2,456.5,"1,01,763.8",277,513.3,900.5,4230.6,0,416.2,0.1,1443.1,"4,08,735.8",1529.1,9534.8,0,0,"3,29,694.0",456.5,0,416.2,464.5,0,513.3,473
30/09/1983,411.8,451.6,"1,00,023.3",274.7,507.9,892.1,4204.6,0,411.8,0.1,1433.7,"4,06,774.0",1517.1,9470.8,0,0,"3,24,616.3",451.6,0,411.8,458.9,0,507.9,464.5
31/10/1983,393.6,425.1,91828.9,262.8,485.4,832.9,4021.9,0,393.6,0.1,1372.3,"3,88,213.9",1450.1,9032.6,0,0,"3,11,055.0",425.1,0,393.6,443.3,0,485.4,431.1
30/11/1983,381.7,423.9,89615.3,258.4,471.1,827.6,3949.9,0,381.7,0.1,1327,"3,76,834.7",1402.6,8753.4,0,0,"3,05,636.9",423.9,0,381.7,451.8,0,471.1,415.9
30/12/1983,388.3,442,91035.6,270.9,483.8,853.3,4063.4,0,388.3,0.1,1352.7,"3,85,881.7",1425.7,8900.9,0,0,"3,15,863.5",442,0,388.3,472.7,0,483.8,430.3
31/01/1984,370.9,431.5,86694.6,263.3,462.9,829.6,3966.9,0,370.9,0.1,1300.4,"3,70,075.2",1361.1,8528.9,0,0,"3,03,476.2",431.5,0,370.9,465.2,0,462.9,408.8
29/02/1984,385.9,434.8,90242.8,267.9,481.9,852,4129.8,0,385.9,0.1,1353.4,"3,80,809.4",1408.4,8792,0,0,"3,00,948.3",434.8,0,385.9,474.4,0,481.9,412.5
30/03/1984,394.3,428.6,88946.1,270.7,501,848.4,4228.2,0,394.3,0.1,1387.8,"3,93,124.4",1450,9056.8,0,0,"3,19,992.4",428.6,0,394.3,480.4,0,501,414.8
30/04/1984,381.4,420.6,85915,268.1,487.8,835.5,4116.2,0,381.4,0.1,1343.8,"3,83,417.2",1384.8,8775.1,0,0,"3,05,835.4",420.6,0,381.4,475.6,0,487.8,412.9
31/05/1984,377.4,431.4,87039.6,271.5,487.9,855.6,4139.7,0,377.4,0.1,1327,"3,80,951.0",1387.8,8677.2,0,0,"3,02,492.9",431.4,0,377.4,482.2,0,487.9,416.4
29/06/1984,377.7,431.2,88305.1,274.3,493,863.3,4173.9,0,377.7,0.1,1329.3,"3,83,516.5",1394.2,8697.6,0,0,"3,03,672.2",431.2,0,377.7,494.6,0,493,428.6
31/07/1984,347.5,411.7,84343.3,262.9,459.6,836.7,3934.7,0,347.5,0.1,1220.7,"3,54,973.3",1278.3,7975.4,0,0,"2,86,285.4",411.7,0,347.5,521.5,0,459.6,415.9
31/08/1984,347.7,418.2,84246.8,264.8,452.8,840.2,4003.5,0,347.7,0.1,1225.9,"3,59,938.5",1281,7974.8,0,0,"2,80,854.4",418.2,0,347.7,545.8,0,452.8,410.8
28/09/1984,341.1,428.6,83505,270.8,447.5,851.4,4016.6,0,341.1,0.1,1208.1,"3,63,434.4",1268.5,7867.2,0,0,"2,85,668.5",428.6,0,341.1,565.2,0,447.5,409.6
31/10/1984,340.2,434.3,83910.9,278.7,448.4,858.1,4070.5,0,340.2,0.1,1210.3,"3,60,816.0",1246.2,7782.2,0,0,"2,80,507.6",434.3,0,340.2,600,0,448.4,406.7
30/11/1984,341.2,425.5,83166.5,274.9,449.9,842.3,4105.2,0,341.2,0.1,1216.6,"3,63,666.6",1253.2,8971.8,0,0,"2,74,605.7",425.5,0,341.2,614.5,0,449.9,398
31/12/1984,320.2,411.5,79194,269.1,421.9,817.4,3908.7,0,320.2,0.1,1139.6,"3,40,807.9",1177.5,8482,0,0,"2,64,186.0",411.5,0,320.2,603.2,0,421.9,379.9
31/01/1985,302.8,398.2,76938.4,268.6,401.2,804.8,3813.3,855.2,302.8,0.1,1085.8,"3,28,331.8",1114.2,8163.7,0,0,"2,57,388.7",398.2,0,302.8,657.5,855.2,401.2,371.9
28/02/1985,299.1,409.7,78095.2,273.6,405.3,840.4,3869.6,851.6,299.1,0.1,1076.1,"3,27,440.6",1100.4,8258.1,0,0,"2,57,242.2",409.7,0,299.1,589.2,851.6,405.3,406.5
29/03/1985,303.9,417.9,78114.5,270,418.9,847.9,3856.6,845.6,303.9,0.1,1090.8,"3,25,956.8",1091.5,8222.1,0,0,"2,46,917.0",417.9,0,303.9,599.1,845.6,418.9,433.9
30/04/1985,325.3,420.9,81673.9,262.1,443,840,4005.6,927.8,325.3,0.2,1175.9,"3,61,563.6",1200.8,8842.4,0,0,"2,75,774.2",420.9,0,325.3,628.6,927.8,443,493
31/05/1985,316.4,411.9,79549.6,252.8,434.9,825.9,3917.7,895.1,316.4,0.2,1141.6,"3,51,202.3",1160.1,8568.9,0,0,"2,72,523.2",411.9,0,316.4,627,895.1,434.9,466.3
28/06/1985,316.5,407.4,78758.7,247,432.6,813.6,3910,900.3,316.5,0.2,1151.6,"3,50,789.8",1160.8,8562.2,0,0,"2,77,067.9",407.4,0,316.5,623.7,900.3,432.6,474.6
31/07/1985,317.2,390.8,76493.2,230.2,429,764.1,3800.5,903.3,317.2,0.2,1157.5,"3,51,229.6",1153.1,8431.6,0,0,"2,64,439.3",390.8,0,317.2,619.9,903.3,429,454.1
30/08/1985,329.8,394,78237.6,238.3,447.4,757,3918.4,959,329.8,0.2,1203.3,"3,70,943.4",1217.8,8764.2,0,0,"2,94,145.9",394,0,329.8,769.9,959,447.4,465.7
30/09/1985,323.4,393,76238,236.9,442.7,752.4,3894,951.3,323.4,0.2,1177.5,"3,62,847.6",1186.1,8686.5,0,0,"2,92,537.3",393,0,323.4,815.3,951.3,442.7,467.6
31/10/1985,325.8,371.3,69937.3,229.2,445.5,706.2,3902.6,986.3,325.8,0.2,1190.6,"3,64,870.9",1195.6,8524,0,0,"2,88,404.4",371.3,0,325.8,848.2,986.3,445.5,464
29/11/1985,325.3,363.8,66321.5,225.8,447.6,692.4,3903.3,1036.3,325.3,0.2,1186,"3,63,746.5",1189.8,8421.2,0,0,"2,90,595.9",363.8,0,325.3,862.9,1036.3,447.6,479.6
31/12/1985,321.9,351.1,65137.1,222.7,447.7,675.4,3871.6,1037.7,321.9,0.2,1173.2,"3,64,589.2",1190.8,8511,0,0,"2,91,987.3",351.1,0,321.9,862.3,1037.7,447.7,471.3
31/01/1986,345.4,366.3,68952.3,242.6,484.8,712.5,4214.4,1111.3,345.4,0.2,1256.9,"3,87,945.2",1264.7,9080.9,0,0,"3,09,081.2",366.3,0,345.4,810.6,1111.3,484.8,492.7
28/02/1986,338.9,343.8,62661.3,237.1,476.2,662.5,4175.8,1077,338.9,0.2,1239.7,"3,78,815.4",1247.2,8804.5,0,0,"2,98,799.9",343.8,0,338.9,705.7,1077,476.2,485
31/03/1986,345.7,341.1,61657.3,235.5,483.3,659,4210.4,1106.6,345.7,0.2,1260.7,"3,86,365.4",1266.9,8956.3,0,0,"3,04,753.4",341.1,0,345.7,700,1106.6,483.3,487.3
30/04/1986,340.4,339.4,59497.2,227.2,471.8,646.3,4199.6,1083,340.4,0.2,1239.9,"3,80,481.7",1247.7,8844,0,0,"2,97,270.7",339.4,0,340.4,695.9,1083,471.8,469.9
30/05/1986,342.4,335.8,57222.9,225.3,471.2,634.9,4253.5,1095.7,342.4,0.2,1251,"3,87,298.9",1258.4,8915.4,0,0,"3,02,984.6",335.8,0,342.4,751.1,1095.7,471.2,471.7
30/06/1986,342.7,337.2,57408.8,227.1,476.2,630.6,4294.2,1093.1,342.7,0.2,1284.6,"3,83,027.6",1259.1,8906.6,0,0,"3,03,056.9",337.2,0,342.7,864.3,1093.1,476.2,496.1
31/07/1986,348.3,331.2,55284,230.8,480.9,608.4,4345.9,1230.6,348.3,0.2,1306.6,"3,93,396.2",1279.2,9043,0,0,"3,09,587.0",331.2,0,348.3,888.4,1230.6,480.9,553.1
29/08/1986,376.6,345.6,57969.8,253.2,522.1,624.9,4702.3,1391.2,376.6,0.3,1409.3,"4,24,185.5",1379.7,9691.9,0,0,"3,31,505.1",345.6,0,376.6,974.7,1391.2,522.1,612.8
30/09/1986,417.7,380.7,64511.3,284.1,578.3,689.2,5263.4,1538.4,417.7,0.3,1563.9,"5,89,924.0",1533.5,10811.5,0,0,"3,69,192.2",380.7,0,417.7,965.5,1538.4,578.3,671.3
31/10/1986,423.5,380,66302.8,296.8,589.2,696.3,5431.1,1579.7,423.5,0.3,1591,"6,95,200.5",1558.1,10986.7,0,0,"3,72,283.0",380,0,423.5,952.5,1579.7,589.2,664.6
28/11/1986,397.6,360.7,64897.3,279,552.9,672.2,5188.3,1483.5,397.6,0.3,1494.3,"6,57,206.0",1463.8,10352.2,0,0,"3,46,297.4",360.7,0,397.6,897.4,1483.5,552.9,617.9
31/12/1986,390.9,350.2,63390.3,272.4,539.1,651.1,5107.2,1447.9,390.9,0.3,1465,"6,45,073.6",1435.1,10191.6,0,0,"3,37,602.2",350.2,0,390.9,868.2,1447.9,539.1,592
30/01/1987,408.3,344.9,63274.2,270.9,556,638.8,5287.4,1513.2,408.3,0.3,1530.4,"6,65,819.6",1498.8,10473.2,0,0,"3,50,261.1",344.9,0,408.3,855.1,1513.2,556,617.2
27/02/1987,401.1,333.5,61508.4,262.5,535,617.4,5213.6,1483.5,401.1,0.3,1503.5,"6,55,655.4",1472.4,10260.1,0,0,"3,43,157.8",333.5,0,401.1,834.1,1483.5,535,600
31/03/1987,408.9,341.8,61792,256.8,538.3,628.2,5249.5,1511.7,408.9,0.3,1530.8,"6,70,158.7",1499.1,10457.2,0,0,"3,47,508.4",341.8,0,408.9,845.3,1511.7,538.3,593.7
30/04/1987,438.4,361.7,62481.3,268.6,578.3,654.4,5576.8,1621.3,438.4,0.3,1642,"7,20,696.8",1608.3,11152.4,0,0,"3,67,903.4",361.7,0,438.4,881.8,1621.3,578.3,615.3
29/05/1987,460.2,376.4,64698.6,276.2,617.2,677.1,5825.5,1716.4,460.2,0.4,1727.1,"7,61,194.5",1690.4,11708.9,0,0,"3,81,190.6",376.4,0,460.2,922.9,1716.4,617.2,644.6
30/06/1987,449.6,373.7,65025.1,276,602.5,678.5,5759.7,1678.5,449.6,0.4,1688.4,"7,42,814.4",1653.6,11451.7,0,0,"3,66,645.4",373.7,0,449.6,909.7,1678.5,602.5,627.4
31/07/1987,450.5,380,67661,280,597,691.7,5839.1,1677.8,450.5,0.4,1690.2,"7,42,752.8",1654.4,11653.2,0,0,"3,64,190.0",380,0,450.5,928,1677.8,597,636.1
31/08/1987,461.2,390.7,68025,288.6,610.8,709.1,6003.6,1717.2,461.2,0.4,1726.2,"7,56,045.8",1690.7,11932.1,0,0,"3,71,953.6",390.7,0,461.2,956,1717.2,610.8,651.2
30/09/1987,460.4,379.8,65895.2,279.7,605.2,691.1,5946.9,1716.5,460.4,0.4,1726,"7,57,681.4",1690.3,11677.1,0,0,"3,71,170.6",379.8,0,460.4,940,1716.5,605.2,632.6
30/10/1987,465.4,381,66560.2,280,608.2,694.2,6027.9,1723.5,465.4,0.4,1742.3,"7,65,455.5",1706.8,11800,0,0,"3,73,024.5",381,0,465.4,951.4,1723.5,608.2,651.5
30/11/1987,467.6,361.2,63195.8,263.1,614.6,645.1,6028.1,1725.7,467.6,0.4,1749.8,"7,67,422.7",1714.3,11751.3,0,0,"3,72,180.1",361.2,0,467.6,922.1,1725.7,614.6,680
31/12/1987,486.2,366.6,62557,266.6,636.2,648.1,6263.6,1795.9,486.2,0.5,1824,"7,98,419.2",1786.8,12152.6,0,0,"3,86,278.8",366.6,0,486.2,949.7,1795.9,636.2,685.1
29/01/1988,476.6,362.3,60967.1,264.8,612.9,642.9,6205,1792.2,476.6,0.5,1788.3,"7,98,502.8",1751.6,12008,0,0,"3,77,095.9",362.3,0,476.6,941.4,1792.2,612.9,670.3
29/02/1988,442.1,344.4,57173.3,251.5,561.3,615.9,5745.4,1657.2,442.1,0.5,1659.2,"7,36,847.1",1624.9,11138.1,0,0,"3,42,089.9",344.4,0,442.1,907.9,1657.2,561.3,620.2
31/03/1988,443.6,341.9,56195.2,242,552.2,612.9,5730.3,1628.5,443.6,0.5,1657.5,"7,29,744.8",1623.2,10982,0,0,"3,32,663.5",341.9,0,443.6,941.9,1628.5,552.2,603
29/04/1988,451.6,346.9,56458.2,240.5,558.1,625.3,5929.5,1680,451.6,0.6,1694.5,"7,55,218.0",1659.4,11375.8,0,0,"3,35,159.9",346.9,0,451.6,967.7,1680,558.1,603.3
31/05/1988,451.1,350.8,56240.2,241.3,557.8,636.4,5971.2,1679.9,451.1,0.6,1690.8,"7,55,721.9",1655.7,11261.2,0,0,"3,31,962.8",350.8,0,451.1,997.1,1679.9,557.8,579.2
30/06/1988,451.3,363.8,57463.7,254,549,659.4,6214.3,1699.5,451.3,0.6,1694.2,"7,64,845.3",1659.2,11347,0,0,"3,30,150.6",363.8,0,451.3,1025.4,1699.5,549,559.6
29/07/1988,437.6,370.3,58234.1,256.8,528.5,670.7,6145.9,1619.6,437.6,0.6,1641.4,"7,39,470.0",1607.3,11124.5,0,0,"3,17,582.5",370.3,0,437.6,1046.8,1619.6,528.5,547.4
31/08/1988,431.3,373.3,57697.7,254,527.6,683.3,6127.6,1607.1,431.3,0.6,1619.2,"7,35,545.2",1585.8,10999.5,0,0,"3,12,040.3",373.3,0,431.3,1059.2,1607.1,527.6,535.9
30/09/1988,413.5,355.3,55599.9,245.4,507.6,651.7,5955,1539.3,413.5,0.7,1551.1,"7,04,906.4",1519,10547.2,0,0,"2,98,034.7",355.3,0,413.5,1014.7,1539.3,507.6,521.8
31/10/1988,406.8,340.3,52301.7,234.1,489.6,624.7,5945.8,1501.5,406.8,0.7,1522.7,"6,92,661.2",1491.8,10252.9,0,0,"2,87,653.2",340.3,0,406.8,1001.4,1501.5,489.6,501.8
30/11/1988,420.2,337.5,51723.1,232.1,511.6,615.8,6256.7,1556.7,420.2,0.7,1573.9,"7,18,908.2",1541,10538.6,0,0,"2,90,854.3",337.5,0,420.2,1005.7,1556.7,511.6,493.6
30/12/1988,419.1,336.6,51728,229,501.7,619.2,6273,1566.5,419.1,0.8,1573.9,"7,28,568.5",1541,10513.6,0,980,"2,87,570.8",336.6,0,419.1,982,1566.5,501.7,487.2
31/01/1989,404,337.6,51523.5,227.8,482,632,6095.1,1518.5,404,0.8,1519.5,"7,05,056.4",1487.7,10218.1,0,952.9,"2,76,650.4",337.6,0,404,965.6,1518.5,482,464.9
28/02/1989,387.5,326.1,49528.8,220.9,461.2,610.4,5892.9,1449.9,387.5,0.7,1454.7,"6,77,941.1",1424.2,9811.5,0,918.3,"2,62,920.2",326.1,0,387.5,953.5,1449.9,461.2,454.2
31/03/1989,390.2,331.2,50814.8,227.7,466.1,626.9,6010.9,1462.3,390.2,0.8,1463.3,"6,88,474.7",1432.8,9911.3,0,945.7,"2,62,630.1",331.2,0,390.2,989.6,1462.3,466.1,478.1
28/04/1989,384.4,326.1,50741.1,226,456.9,632.8,6013.3,1427.9,384.4,0.8,1442.1,"6,74,630.6",1412.3,9782.2,0,949.9,"2,56,421.1",326.1,0,384.4,979.2,1427.9,456.9,478.2
31/05/1989,371.1,327.5,51266,227.9,443.3,642.9,5993.6,1404,371.1,0.8,1395.9,"6,65,771.3",1366.9,9537,0,947.5,"2,48,237.2",327.5,0,371.1,994.1,1404,443.3,481.4
30/06/1989,367.6,330.4,52876.2,236.7,440.3,627.1,5996.8,1379.2,367.6,0.8,1377.2,"6,55,350.3",1348.7,9498.8,0,945.8,"2,45,201.1",330.4,0,367.6,1023,1379.2,440.3,486.6
31/07/1989,375,321.6,52532.3,230.8,444.3,608.7,6097.1,1375.7,375,0.8,1398.7,"6,56,946.1",1369.8,9573.4,0,957.7,"2,48,824.2",321.6,0,375,1004.9,1375.7,444.3,493.7
31/08/1989,365.1,317.7,51566.1,228.8,429.3,605.7,6049.7,1363.5,365.1,0.8,1371.2,"6,52,252.4",1343.4,9389,0,932.6,"2,44,713.8",317.7,0,365.1,993.2,1363.5,429.3,478.8
29/09/1989,361.8,319.1,52484.3,230.3,427.8,610.2,6019.8,1339.3,361.8,0.8,1356.9,"6,45,309.5",1327.5,9298.8,0,928.2,"2,42,274.4",319.1,0,361.8,1007.8,1339.3,427.8,468.1
31/10/1989,366.9,312.3,52170.8,231.2,431,598.5,6144.9,1377.3,366.9,0.8,1377,"6,63,053.4",1348,9398.4,0,955.6,"2,46,640.6",312.3,0,366.9,980.8,1377.3,431,473.8
30/11/1989,394.3,329.2,56600.7,250.8,461.3,638.2,6637,1471.2,394.3,0.9,1480.6,"7,08,286.1",1449.2,10173.5,0,1018.9,"2,65,357.4",329.2,0,394.3,1036,1471.2,461.3,503.4
29/12/1989,409.4,328,58864.1,257,475.6,643.4,6901.5,1675.7,409.4,0.9,1535.5,"7,32,699.6",1503.4,10505.5,"18,33,959.9",1045.2,"2,76,127.1",328,0,409.4,1054,1675.7,475.6,521.5
31/01/1990,410.1,318.8,59445.6,248.2,480.5,621.8,6936.4,1923.6,410.1,0.9,1535.8,"7,36,780.4",1503.8,10503.6,"18,50,391.1",1053.5,"2,79,635.2",318.8,0,410.1,1047.1,1923.6,480.5,524.7
28/02/1990,416.8,320.2,60698.5,245.7,498.6,620,7062.9,1953.7,416.8,1,1562.5,"7,54,547.3",1529.2,10662.7,"18,74,744.6",1086.5,"2,87,508.2",320.2,0,416.8,1059.3,1953.7,498.6,548.3
30/03/1990,393.1,306.1,60169.5,242,463.6,594.4,6704.4,1863.7,393.1,1,1472.1,"7,17,006.2",1441.8,10143.1,"17,71,923.1",1038.1,"2,74,225.1",306.1,0,393.1,1026.2,1863.7,463.6,520
30/04/1990,374.2,287.4,59257.8,228.5,435.4,556.3,6467.5,1771.9,374.2,0.9,1402.6,"6,84,351.0",1375,9686.3,"16,82,422.6",997.8,"2,64,044.1",287.4,0,374.2,992.3,1771.9,435.4,489.6
31/05/1990,369.1,279.1,56766.1,220,433.5,523.8,6373.3,1729.5,369.1,0.9,1382.8,"6,72,446.9",1354,9507.4,"16,53,605.8",982.8,"2,61,190.2",279.1,0,369.1,975.9,1729.5,433.5,484.5
29/06/1990,352.3,269.1,54143,206,413,501.9,6119,1653,352.3,0.9,1319.2,"6,45,428.4",1290.6,9073.6,"15,77,365.0",946.2,"2,51,498.6",269.1,0,352.3,937,1653,413,452
31/07/1990,362.5,268.9,54037.6,200.4,419.3,504.4,6299.5,1691.1,362.5,1,1357.1,"6,65,242.8",1329,9271.9,"16,18,619.2",978.5,"2,58,821.0",268.9,0,362.5,951.2,1691.1,419.3,457.4
31/08/1990,394.7,281.4,58222.4,207.8,451.9,516.3,6831.9,1843.4,394.7,1.1,1479.1,"7,27,786.0",1448.1,10067.4,"17,67,767.0",1061.4,"2,81,885.2",281.4,0,394.7,1015.6,1843.4,451.9,488.3
28/09/1990,389.3,278.9,53951.1,207.2,450.5,508.6,6940.7,1847,389.3,1.1,1461.3,"7,26,705.5",1430.8,9855.5,"17,53,516.5",1066.8,"2,78,861.9",278.9,0,389.3,999.7,1847,450.5,471.9
31/10/1990,380.7,265,49368.7,195.6,441.4,487.8,6878.5,1795,380.7,1,1426.4,"7,11,682.8",1396.5,9517.5,"22,49,155.8",1051.1,"2,71,328.2",265,0,380.7,967.2,1795,441.4,473.9
30/11/1990,381.7,259.7,49284.8,194.3,444.3,479.5,6895.4,1885.9,381.7,1.1,1430.4,"7,18,332.7",1401.2,9544.6,"24,10,533.5",1075.1,"2,72,504.3",259.7,0,381.7,963.1,1885.9,444.3,493.6
31/12/1990,377,258.9,50555.9,195.6,438.5,483.6,6841.7,1978.6,377,1.1,1419.2,"7,19,527.4",1390.1,9491.7,"24,40,371.5",1092.5,"2,70,814.8",258.9,0,377,958.2,1978.6,438.5,491.3
31/01/1991,383.6,268.5,51280.3,198.3,443.5,487.4,7032.1,1994.8,383.6,1.1,1435.1,"7,30,354.4",1405.6,9659.1,"25,29,699.2",1107.3,"2,74,857.1",268.5,0,383.6,981.9,1994.8,443.5,492
28/02/1991,363.8,249.6,47473.1,185.2,420,461.5,6849.6,1913.3,363.8,1.1,1366.1,"6,99,361.5",1338.1,9125.3,"26,09,114.9",1083.3,"2,62,987.9",249.6,0,363.8,923.7,1913.3,420,464.2
29/03/1991,363.3,269.9,49841.6,199.2,420.5,504.3,7003.6,1928.8,363.3,1.3,1369,"7,10,357.3",1340.8,9232,"26,76,599.6",1196.6,"2,64,880.0",269.9,0,363.3,965,1928.8,420.5,471.3
30/04/1991,358.4,280.8,49075.9,204.9,413.5,515.9,7145.3,1898.5,358.4,1.4,1344.3,"6,94,694.3",1314.9,9155.9,"26,68,767.3",1172.1,"2,60,199.3",280.8,0,358.4,982.7,1898.5,413.5,460.1
31/05/1991,357,282.7,49332.5,207,410.5,519.8,7318,1889.1,357,1.4,1340.5,"6,90,505.5",1310.6,9116,"28,12,118.4",1160.5,"2,59,245.0",282.7,0,357,998.4,1889.1,410.5,461.6
28/06/1991,366.7,301.7,51233.4,222.3,419.3,560.7,7699.4,1982.2,366.7,1.6,1374.3,"7,18,610.7",1346,9416.9,"29,66,479.0",1225.4,"2,66,365.7",301.7,0,366.7,1049.8,1982.2,419.3,482.4
31/07/1991,367.7,303.7,50685.5,223,422.4,569.7,9363.9,1966.2,367.7,1.6,1376.5,"7,20,154.1",1346.9,9443.7,"31,69,564.0",1219,"2,67,400.5",303.7,0,367.7,1058.2,1966.2,422.4,476.5
30/08/1991,356.3,287.4,48726.5,211.5,407.9,541.4,9195.7,1904.6,356.3,1.6,1334.5,"7,00,091.2",1307.5,9143.6,"31,63,256.4",1179.9,"2,60,463.7",287.4,0,356.3,1022.8,1904.6,407.9,455.7
30/09/1991,348.7,273.8,46866,202.2,396.5,517.1,8994.2,1865.1,348.7,1.6,1308.7,"6,84,421.6",1280,8910.5,"32,69,036.9",1160.4,"2,57,498.6",273.8,0,348.7,988.2,1865.1,396.5,439.3
31/10/1991,358.7,280.9,46869.9,208.2,404.5,530.1,9251.2,1929.5,358.7,1.7,1344.1,"7,11,315.9",1316.3,9136.5,"39,43,216.1",1195.3,"2,68,329.7",280.9,0,358.7,1014.2,1929.5,404.5,452.4
29/11/1991,360.2,271.8,46682.7,202.5,407.1,516.8,9294.5,1922.2,360.2,1.8,1350.7,"7,14,270.4",1322.1,9160.4,"44,57,148.6",1199.4,"2,71,015.2",271.8,0,360.2,1005.8,1922.2,407.1,457.8
31/12/1991,361.7,265.4,46246.5,198.9,413.5,500.8,9315.3,1929.4,361.7,1.8,1345.6,"7,18,304.8",1323.6,9147,"46,45,533.2",1191.6,"2,72,958.8",265.4,0,361.7,998.8,1929.4,413.5,467.5
31/01/1992,354.5,260.9,44448,196.1,410.1,497.8,9171.7,1934.7,354.5,1.9,1332.4,"7,12,311.7",1304.6,8977.7,"43,80,351.3",1181.1,"2,71,170.8",260.9,0,354.5,987.9,1934.7,410.1,475
28/02/1992,353.9,266.4,45154.6,199.1,418.4,515.2,9185.5,1961.6,353.9,2,1328.4,"7,13,061.2",1300.8,8995.4,"39,41,373.5",1181.5,"2,70,874.2",266.4,0,353.9,996.2,1961.6,418.4,471.1
31/03/1992,344.3,266.1,45748,199.7,410.4,519.7,9707.3,1893.9,344.3,2.1,1291,"6,96,852.1",1264.3,8813.1,"38,91,858.0",1170.5,"2,65,677.5",266.1,0,344.3,991.6,1893.9,410.4,454
30/04/1992,338.6,259.2,45186,192.6,402.5,513.7,9751.6,1855.8,338.6,2.2,1268.2,"6,83,614.0",1243.1,8659.6,"38,35,144.6",1127.1,"2,63,046.2",259.2,0,338.6,973.8,1855.8,402.5,444.1
29/05/1992,337.2,253.5,44060.4,186.2,404.5,502.5,9601.9,1852.2,337.2,2.3,1262.9,"6,84,176.6",1237.5,8599.1,"37,75,444.5",1119.1,"2,63,625.0",253.5,0,337.2,959.6,1852.2,404.5,445.7
30/06/1992,340.8,249,43213.7,183.7,407.5,485.4,9684.5,1856,340.8,2.3,1274.9,"6,92,077.5",1248.4,8646.1,"38,19,303.2",1131.4,"2,68,369.0",249,0,340.8,956.9,1856,407.5,450.4
31/07/1992,352.7,245,44365.3,183.9,420.3,470.4,10051.6,1921.7,352.7,2.5,1323.8,"7,19,048.3",1296.3,8905.4,"39,56,493.7",1171.5,"2,77,623.8",245,0,352.7,971.6,1921.7,420.3,473.5
31/08/1992,343.1,232.4,43355,176.7,408.2,445.6,9712.6,1858.3,343.1,2.4,1284,"6,99,254.8",1257.4,8650.5,"37,66,617.3",1137.2,"2,70,569.7",232.4,0,343.1,947.4,1858.3,408.2,472.3
30/09/1992,345.4,239.2,42349.4,187.2,422,440.9,9788.5,1923.1,345.4,2.5,1297.5,"7,06,667.1",1271,8699,"37,95,079.0",1143.8,"2,72,297.6",239.2,0,345.4,967.1,1923.1,422,478.6
30/10/1992,344.4,250.6,41705.3,208.1,429.2,453.4,9776.5,1945.2,344.4,2.6,1295.2,"7,09,763.7",1268.2,8698.6,"37,51,586.6",1141.5,"2,71,186.2",250.6,0,344.4,993.7,1945.2,429.2,482
30/11/1992,335,259.5,41493.3,219.4,424.6,478.6,9503.9,1885.5,335,2.7,1257.2,"6,90,435.0",1231.1,8526,"36,26,713.0",1111.9,"2,63,171.5",259.5,0,335,1003.2,1885.5,424.6,485.8
31/12/1992,334.8,260.2,41481.5,215.1,425.9,475,9655,1930.9,334.8,2.8,1251.8,"6,90,710.7",1225.4,8516.5,"35,87,372.6",1110.8,"2,63,586.2",260.2,0,334.8,1007.2,1930.9,425.9,484.9
29/01/1993,329,263.3,41124.1,214.5,419.9,486.1,9502.1,1890.4,329,2.9,1232.4,"6,80,891.0",1207.6,8383,"34,68,532.6",1092.7,"2,60,939.2",263.3,148.4,329,1008.6,1890.4,419.9,487.5
26/02/1993,329.3,270.2,39751.4,228.9,414.9,500.4,9852,1922.4,329.3,3,1234.5,"6,83,587.3",1209.1,8394.8,"34,54,963.5",1098.3,"2,62,840.4",270.2,188.4,329.3,1027.2,1922.4,414.9,482.6
31/03/1993,330.1,273.1,38614.5,225.8,411.7,501.8,10427.5,1882.6,330.1,3.1,1237.1,"6,83,501.7",1211.4,8386.4,"34,45,595.4",1099.2,"2,61,226.1",273.1,209,330.1,1048.7,1882.6,411.7,466
30/04/1993,342.2,273.9,38423.8,221.3,431.8,498.8,10723.1,1934.2,342.2,3.3,1284.2,"7,10,517.6",1258.3,8632,"35,80,482.1",1140.1,"2,72,236.8",273.9,249.4,342.2,1084.9,1934.2,431.8,481
31/05/1993,367.2,294.5,40488.1,237.3,466.1,532.9,11511.3,2112.1,367.2,3.7,1377.8,"7,64,506.4",1349.1,9255.1,"38,77,117.8",1227.1,"2,93,765.6",294.5,317.8,367.2,1167,2112.1,466.1,526.5
30/06/1993,371.9,306.6,39938.8,246.6,475.8,549.2,11684,2142.9,371.9,3.9,1396.2,"7,78,875.5",1366.8,9378.5,"39,48,000.9",1242.9,"2,99,310.0",306.6,398.9,371.9,1204.4,2142.9,475.8,551.9
30/07/1993,392.2,338.1,42233.5,262.1,502.8,594.1,12303.7,2269.6,392.2,4.4,1471.5,"8,24,023.0",1440.8,9924.2,"41,64,134.6",1312.6,"3,16,345.7",338.1,407.6,392.2,1313.8,2269.6,502.8,579.2
31/08/1993,378.8,328.5,39319.1,253.9,494.7,567.4,11904.9,2183.9,378.8,4.4,1419.7,"7,96,066.3",1388.7,9532.8,"40,16,036.7",1268,"3,06,298.7",328.5,374.6,378.8,1273.5,2183.9,494.7,558.1
30/09/1993,355.3,295.8,37455.7,232.9,469.4,503.7,11171.9,2053,355.3,4.2,1331.6,"7,49,694.7",1303.9,8930.3,"38,19,642.4",1191.3,"2,86,838.9",295.8,352.8,355.3,1210.7,2053,469.4,545.1
29/10/1993,364.2,307.3,38964.1,242.1,482.8,524.6,11435.8,2112.4,364.2,4.6,1365.1,"7,68,972.3",1336.7,9197.7,"39,14,516.3",1223.8,"2,94,858.8",307.3,428.7,364.2,1234.7,2112.4,482.8,550.1
30/11/1993,373.8,326.4,40294.8,252.4,492.5,559.5,11724.6,2175.7,373.8,5,1401.9,"7,88,225.2",1372.6,9483.1,"40,40,520.7",1257.5,"3,01,580.3",326.4,449.5,373.8,1257.5,2175.7,492.5,562
31/12/1993,383.3,336.1,42127.2,257.2,511,562.2,12038.1,2230,383.3,5.5,1440.2,"8,11,028.3",1409.7,9771.7,"41,61,017.0",1292,"3,10,665.5",336.1,471.3,383.3,1296.4,2230,511,570
31/01/1994,386.9,343.9,43083.3,259,509.5,568.9,12135.5,3308.5,386.9,6.3,1450.6,"8,16,342.9",1420.9,9879.9,"41,80,719.2",1302.3,"3,13,569.8",343.9,509.6,386.9,1319.2,3308.5,509.5,555.2
28/02/1994,381.9,337.2,40569.6,258.1,512.5,556.1,11979.9,3323.8,381.9,7.1,1432.3,"8,11,522.4",1401.9,9691.3,"41,56,090.0",1287.1,"3,09,127.5",337.2,598.5,381.9,1317.8,3323.8,512.5,533.3
31/03/1994,384.1,332.5,40405.1,257.5,524.1,549,12051.7,3342.9,384.1,8.8,1440.4,"8,25,715.7",1410.7,9715.6,"41,78,140.1",1295.9,"3,10,138.5",332.5,652.5,384.1,1327.5,3342.9,524.1,540.1
29/04/1994,377.3,325.9,39039.5,254.4,521.5,543,11834.4,3281.7,377.3,12.9,1414.9,"8,14,195.0",1385.6,9528.6,"41,23,598.3",1273.6,"3,05,079.8",325.9,672.9,377.3,1354.5,3281.7,521.5,526.2
31/05/1994,381.4,322.4,39611,253.8,526.7,539.4,11965,3304.3,381.4,12.9,1430.4,"8,24,444.1",1401.5,9614.7,"41,79,310.6",1289.2,"3,07,510.5",322.4,713.6,381.4,1387.7,3304.3,526.7,526
30/06/1994,385.6,321.3,39532,252.9,533.4,529.8,12093.2,3337.3,385.6,12.3,1445.8,"8,35,554.1",1416.2,9690.3,"42,07,490.6",1303.5,"3,10,909.3",321.3,749.4,385.6,1399.6,3337.3,533.4,525.7
29/07/1994,385.5,310.8,37965.2,249.3,532.9,510.4,12092.6,3330.5,385.5,12,1445.8,"8,35,562.2",1416.1,9627.6,"42,13,599.5",1301.3,"3,10,289.5",310.8,773.8,385.5,1414.6,3330.5,532.9,524.9
31/08/1994,380.4,306.7,38001.2,246.6,524.4,501.2,11931.7,3267,380.4,12.2,1426.5,"8,23,327.0",1396.7,9514.7,"41,77,359.6",1283.5,"3,05,630.8",306.7,801.5,380.4,1369.2,3267,524.4,513.9
30/09/1994,391.6,312.4,38672.6,250.2,530.3,505,12283.6,3343.6,391.6,13.3,1468.6,"8,52,094.9",1438.3,9776.2,"42,99,794.5",1320.6,"3,13,418.6",312.4,905.5,391.6,1392.6,3343.6,530.3,528
31/10/1994,389.8,305.5,38370.5,242.8,526,493.2,12227.1,3324.2,389.8,13.7,1462.3,"8,46,934.0",1431.2,9731.3,"42,60,308.5",1316,"3,11,316.5",305.5,1145.1,389.8,1380.5,3324.2,526,528
30/11/1994,384.4,305.9,37668.1,242,524.4,498.1,12065.8,3273.7,384.4,14,1441.8,"8,36,226.4",1411.5,9604,"42,42,467.7",1304.3,"3,06,044.2",305.9,1208.6,384.4,1354.9,3273.7,524.4,509.2
30/12/1994,379.3,309.3,37998,243.1,525.9,504.1,11904.5,3219.3,379.3,14.2,1422.6,"8,29,880.3",1396.4,9521.1,"41,92,392.0",1292.2,"3,00,339.1",309.3,1278.6,379.3,1350.7,3219.3,525.9,490.2
31/01/1995,378.6,302.5,37728.4,240.4,535.1,486.9,11875.4,3195.3,378.6,15.3,1419.9,"8,38,407.9",1390.3,9507.8,"41,96,877.9",1286.9,"2,99,299.6",302.5,1454.3,378.6,1339.7,3195.3,535.1,495.1
28/02/1995,376.6,297.1,36976.3,239.6,527.4,478.6,11817.6,3177,376.6,15.5,1412.5,"8,35,416.0",1383.3,9420.7,"41,98,804.5",1281.5,"2,97,871.8",297.1,1590.5,376.6,1341.2,3177,527.4,506.1
31/03/1995,382.1,290.6,34573.1,238.8,538.1,447.1,12074.7,3220.3,382.1,16,1433.1,"8,50,719.7",1403.4,9462.2,"42,68,227.8",1301.9,"2,97,294.5",290.6,1789.3,382.1,1375.5,3220.3,538.1,520.1
28/04/1995,391,292.5,32759.1,243.3,538.4,444.6,12278.7,3293.2,391,16.6,1466.6,"8,72,017.5",1436.2,9605.7,"43,94,921.4",1333.8,"2,99,898.0",292.5,1958,391,1408.5,3293.2,538.4,531.7
31/05/1995,385.2,291.4,32803,242.8,524.2,451,12101.2,3203.6,385.2,16.7,1444.8,"8,58,645.8",1414.8,9500,"43,28,125.6",1316.4,"2,93,269.4",291.4,1955.2,385.2,1409.2,3203.6,524.2,529.9
30/06/1995,387.6,289.9,32762.3,243,533.9,448.3,12166.9,3217,387.6,16.8,1453.6,"8,63,244.0",1423.4,9557.1,"43,40,752.8",1322.6,"2,94,864.6",289.9,1855.1,387.6,1419,3217,533.9,538.4
31/07/1995,386.2,285.4,33706.9,242.1,525.9,446.2,12118.5,3206,386.2,17.3,1448.6,"8,61,411.2",1418.6,9558.6,"42,58,875.0",1314.6,"2,92,312.1",285.4,1753.8,386.2,1405.6,3206,525.9,531
31/08/1995,383.7,291.4,36304.7,244.7,520.1,458.8,12110.8,3187.4,383.7,18,1439,"8,63,833.7",1409.1,9573.4,"42,50,802.3",1304.5,"2,94,769.8",291.4,1706.5,383.7,1396,3187.4,520.1,517.5
29/09/1995,383.1,294.3,38445.3,245.8,517.4,455,12720.7,3186.5,383.1,18.4,1436.6,"8,70,059.0",1406.9,9621.1,"42,27,968.5",1302.6,"2,95,641.6",294.3,1707.5,383.1,1402.4,3186.5,517.4,508.1
31/10/1995,383.1,287.7,38616.1,242.8,515.4,438.8,13245.3,3185.9,383.1,19.3,1437,"8,68,385.2",1407.2,9620.7,"42,19,707.9",1302.7,"2,93,919.3",287.7,1726.6,383.1,1398.4,3185.9,515.4,505.9
30/11/1995,385.3,288.3,39256.6,246.6,521.3,440.7,13363.8,3203.2,385.3,20.4,1445.1,"8,79,399.4",1415.2,9694.3,"42,58,930.0",1310.5,"2,96,565.2",288.3,1758.8,385.3,1405.3,3203.2,521.3,517.1
29/12/1995,387.4,293.5,39386.2,251.8,530.9,451.1,13534.6,3221.8,387.4,22.1,1453.2,"8,85,577.4",1423.1,9745.6,"42,52,109.0",1318.4,"2,98,644.9",293.5,1789.8,387.4,1419.5,3221.8,530.9,523
31/01/1996,399.5,305.1,42193.5,261.1,546,471.4,14294.6,3322.8,399.5,24.3,1498.1,"9,14,804.0",1467.2,10099.2,"44,03,951.9",1358.3,"3,14,480.6",305.1,1887.6,399.5,1454.2,3322.8,546,538.4
29/02/1996,404.8,309.8,42784.8,263.5,556.8,484,14788.7,3365.1,404.8,26.2,1518,"9,31,424.9",1486.6,10217.1,"44,49,920.3",1376.6,"3,15,714.3",309.8,1918.5,404.8,1515.7,3365.1,556.8,535.6
29/03/1996,396.2,304.5,41963.9,259.4,540.9,473.7,13584.9,3300.3,396.2,27.3,1485.9,"9,23,495.9",1455.2,9996.3,"43,66,029.3",1347,"3,09,487.2",304.5,1917.8,396.2,1556.8,3300.3,540.9,513.4
30/04/1996,392.9,306,42102.1,259.4,533.9,479.6,13425.7,3273,392.9,28.8,1473.3,"9,15,167.1",1442.9,9932.7,"43,36,835.9",1336.3,"3,06,570.7",306,1932.6,392.9,1656.6,3273,533.9,499.6
31/05/1996,391.9,308.9,41703.6,258.7,536.6,491.6,13662.2,3264.2,391.9,30.3,1469.9,"9,13,048.8",1439.5,9910.7,"43,16,801.1",1333,"3,06,063.3",308.9,1957.1,391.9,1712.5,3264.2,536.6,491.6
28/06/1996,385.3,302.6,41978.4,249.9,526.1,484.5,13450.1,3206.4,385.3,30.9,1444.9,"8,97,646.6",1415.1,9766.7,"42,44,365.7",1310.1,"3,07,558.7",302.6,1952.2,385.3,1676,3206.4,526.1,486.8
31/07/1996,383.5,296.7,41879.5,246.8,525,472.8,13582.6,3188.8,383.5,31.9,1438.2,"8,95,074.6",1408.5,9722,"42,22,699.9",1303.8,"3,11,691.5",296.7,1975.8,383.5,1684.4,3188.8,525,485.8
30/08/1996,387.3,296.5,41771.8,249.8,531.4,466,13791,3217.9,387.3,33.1,1452.7,"9,07,093.9",1422.6,9793.4,"42,65,702.5",1316.3,"3,16,596.8",296.5,2053,387.3,1753.2,3217.9,531.4,494.8
30/09/1996,383.2,296.8,42083.5,245.7,524.7,472.1,13670.9,3182,383.2,34.3,1437.1,"8,92,488.7",1407.3,9720.4,"42,21,790.4",1302.6,"3,15,031.7",296.8,2064.2,383.2,1724.5,3182,524.7,483.1
31/10/1996,381.1,298.2,42824.1,240.3,514.7,479.4,13586.4,3162.8,381.1,36,1429.2,"8,85,530.1",1399.5,9706.2,"41,97,634.7",1295.5,"3,15,203.6",298.2,2072,381.1,1743.9,3162.8,514.7,481.2
29/11/1996,377.9,292.7,42420.1,227.3,505.6,481.7,13495.4,3136.1,377.9,37.5,1417.1,"8,83,246.9",1387.7,9619.7,"41,73,974.4",1284.4,"3,12,768.8",292.7,2073.6,377.9,1758.7,3136.1,505.6,474.1
31/12/1996,369,292.4,41975.3,222.1,502.3,489.5,13224.6,3062.4,369,38.8,1383.9,"8,68,453.7",1355.2,9439.9,"41,07,390.0",1254.5,"3,09,643.9",292.4,2043.7,369,1729.2,3062.4,502.3,462.8
31/01/1997,355.1,290,41848.4,214.1,479.1,493.9,12735.5,2945.9,355.1,40.1,1331.8,"8,41,519.6",1304,9134.1,"40,05,411.4",1207.2,"3,02,169.0",290,1992.2,355.1,1648.1,2945.9,479.1,456.6
28/02/1997,346.6,296.6,42627.8,213.3,469.6,504.3,12433.5,2874.2,346.6,41.6,1299.8,"8,26,035.7",1272.7,8996.2,"38,62,842.2",1177,"3,00,240.3",296.6,1961.1,346.6,1543.2,2874.2,469.6,451.2
31/03/1997,351.8,305.5,43127.2,219,482.3,515.4,12615.8,2918.5,351.8,44.1,1319.4,"8,44,200.4",1291.9,9130.8,"40,64,658.7",1193.9,"3,09,222.6",305.5,2007.2,351.8,1559.5,2918.5,482.3,446.4
30/04/1997,344.5,301,43271.4,211.4,480.1,503.3,12333.8,2857.6,344.5,45.5,1292,"8,31,281.7",1265.1,8976.2,"40,14,246.4",1169.2,"3,07,812.3",301,1978.4,344.5,1530,2857.6,480.1,442.2
30/05/1997,343.8,299.2,40844.1,210.5,474.6,492,12310.7,2851.4,343.8,47.5,1289.6,"8,37,461.1",1262.8,8845.1,"40,12,443.4",1167.1,"3,06,819.1",299.2,1979.9,343.8,1535.7,2851.4,474.6,443.9
30/06/1997,340.8,300.2,38953.7,207.2,471.5,491.4,12198.1,2825.4,340.8,49.5,1278.1,"8,27,918.5",1251.5,8588.9,"39,74,189.5",1156.8,"3,03,008.9",300.2,1964.8,340.8,1533.3,2825.4,471.5,451.9
31/07/1997,324.1,295.5,37343.3,194.1,446.3,480,11578.4,2687.2,324.1,50,1215.6,"8,12,820.5",1190.3,9767.2,"37,83,913.4",1099.6,"2,88,738.1",295.5,1876.4,324.1,1477.6,2687.2,446.3,436.5
29/08/1997,324,303.7,38167.1,202.1,450.2,490,11634.2,2685.9,324,53.3,1215.2,"8,87,400.3",1190,10484.1,"37,87,682.4",1099.9,"2,90,405.5",303.7,1883.4,324,1517.6,2685.9,450.2,437.8
30/09/1997,322.8,293.8,39003.5,201.6,447.7,474.9,11757.6,2675.3,322.8,55.3,1210.8,"9,70,734.7",1185.7,11731.8,"37,79,056.6",1096.6,"2,93,805.9",293.8,1889.7,322.8,1513.6,2675.3,447.7,445.9
31/10/1997,324.9,290.7,39299.3,199,450.4,471.6,11768.3,2691.2,324.9,58.3,1218.5,"11,67,183.4",1193.2,12203.1,"38,75,554.3",1104.1,"3,00,661.8",290.7,1908.3,324.9,1530.2,2691.2,450.4,450.6
28/11/1997,306,269.9,38365.7,181.2,432.3,430.5,11389.3,2534.3,306,57.7,1147.9,"10,56,976.9",1124,12016.8,"37,39,539.5",1040.6,"3,15,867.7",269.9,1809.4,306,1480.4,2534.3,432.3,440.5
31/12/1997,288.7,261.6,37417.9,173.9,411.7,415.5,11323.3,2390.7,288.7,57.8,1083,"13,84,907.9",1060.5,12857.8,"35,50,890.4",982.8,"4,26,438.2",261.6,1715.2,288.7,1406.3,2390.7,411.7,435.2
30/01/1998,289.1,267.9,37424,176.7,416.5,426.4,11340.2,2393.4,289.1,61.8,1084.4,"28,94,831.1",1061.8,15460.4,"35,53,371.6",984.8,"4,90,344.2",267.9,1741,289.1,1428.5,2393.4,416.5,440.1
27/02/1998,297.5,275.4,37421.9,181.3,426.7,435.1,11575.8,2463,297.5,66.9,1115.8,"27,43,409.4",1092.7,13681.2,"37,57,064.5",1013.3,"4,83,791.0",275.4,1799.7,297.5,1467.4,2463,426.7,441.4
31/03/1998,295.9,276,38205.4,178.1,419.4,440.8,11692.8,2450.2,295.9,70.1,1110,"28,50,764.8",1087,12204.7,"38,41,054.0",1009.6,"4,40,763.5",276,1798.1,295.9,1471.8,2450.2,419.4,441.8
30/04/1998,308.3,285.3,40669.8,184.3,440.7,463.6,12222.7,2552.3,308.3,76.2,1156.2,"25,14,057.2",1132.3,12188.7,"40,02,787.6",1053,"4,28,066.6",285.3,1889.6,308.3,1555.6,2552.3,440.7,472.5
29/05/1998,299.1,271,40358.4,182.7,432.3,441.9,12081.6,2476.2,299.1,75.8,1121.8,"31,22,725.1",1098.6,11703.2,"38,82,953.0",1021.5,"4,18,457.0",271,1839.5,299.1,1522.9,2476.2,432.3,474.3
30/06/1998,292.3,267.4,40991.6,177.1,428.3,436.8,12345.3,2420.3,292.3,76.6,1096.5,"40,11,371.5",1073.7,12353,"37,96,151.3",997.9,"4,08,020.2",267.4,1813.1,292.3,1574.5,2420.3,428.3,483.4
31/07/1998,292.9,268.8,41200.8,178.2,435.2,443.1,12449.4,2424.9,292.9,78.9,1098.5,"41,68,839.3",1075.7,12073.1,"38,04,374.7",1000.8,"3,78,969.6",268.8,1827.9,292.9,1824.7,2424.9,435.2,473.7
31/08/1998,284.1,259.6,41159.1,174.1,435.3,425.1,12148.9,2352.4,284.1,78.2,1066,"34,99,882.9",1043.5,11824.3,"38,97,461.6",971.6,"3,72,231.3",259.6,2114,284.1,1794.1,2352.4,435.3,481.5
30/09/1998,289,251,38849.2,171.8,439.7,404.7,12285,2392.5,289,79.9,1083.9,"32,30,020.1",1061.4,11661.9,"40,17,913.9",985.1,"3,96,769.3",251,4530.7,289,1760.7,2392.5,439.7,490.6
30/10/1998,295.9,247.9,35785.7,174.6,457,395.7,12525.9,2449.6,295.9,83,1109.9,"25,65,304.0",1086.9,11272.7,"41,14,684.4",1009.1,"3,96,918.7",247.9,4880.4,295.9,1714.8,2449.6,457,478.8
30/11/1998,294.1,252.9,35396.7,177,453.2,407.2,12465.3,2434.7,294.1,87.2,1103.1,"23,10,003.9",1080.3,10721.8,"40,86,475.7",1003,"3,79,485.6",252.9,5096.4,294.1,1663.5,2434.7,453.2,463.2
31/12/1998,291.7,248.8,34223.6,174.6,449.8,396.1,12413.6,2414.5,291.7,89.7,1094.4,"22,30,627.0",1071.3,10555.9,"40,52,365.1",995.2,"3,53,585.4",248.8,6111.8,291.7,1721,2414.5,449.8,470.7
29/01/1999,287.1,247.6,32530.3,173.9,436.2,397.5,12205.4,2377,287.1,93.2,1077,"24,41,321.0",1054.6,10503.7,"39,86,722.1",979.3,"3,36,997.3",247.6,6611.9,287.1,1718.5,2377,436.2,453.9
26/02/1999,287.3,256.6,33491.7,176.5,430.2,410,12209.1,2378.6,287.3,98.8,1077.8,"25,17,293.1",1055.3,10656.1,"39,88,649.7",980.4,"3,41,057.6",256.6,6640.6,287.3,1756.6,2378.6,430.2,448.8
31/03/1999,286,262.7,34177.2,176.3,433.9,419.1,12136.4,2367.5,286,104,1072.5,"25,51,780.0",1050.3,10717.5,"39,75,095.3",975.5,"3,51,223.7",262.7,6912.5,286,1775.7,2367.5,433.9,453.3
30/04/1999,282.6,264.1,33798,175.5,420.3,423.2,12079.2,2339.8,282.6,108.2,1059.9,"24,28,583.8",1038,10626.9,"39,29,443.1",965.3,"3,40,439.6",264.1,7162.7,282.6,1727.4,2339.8,420.3,439.4
31/05/1999,276.4,259.8,33748.5,171.1,403.9,416.3,11823.4,2288.5,276.4,109.8,1036.8,"21,95,817.4",1015.4,10228,"38,45,477.1",944.4,"3,31,115.7",259.8,6833.9,276.4,1710.5,2288.5,403.9,416.8
30/06/1999,261.3,251.9,31554,163.8,384,401.8,11273.4,2163.2,261.3,108.4,980.1,"19,21,893.2",959.8,9644.2,"36,37,294.5",892.1,"3,05,337.7",251.9,6386,261.3,1590.1,2163.2,384,398.1
30/07/1999,256.1,247.3,30602.1,162.6,380.9,396.7,11083.2,2119.7,256.1,109.7,960.4,"17,31,870.1",940.6,9502.3,"35,71,043.4",875,"3,03,974.7",247.3,6235.4,256.1,1564.5,2119.7,380.9,389.9
31/08/1999,256.7,241.9,29099.3,159.7,383.1,387.1,11153.5,2124.7,256.7,112.4,962.7,"19,04,806.8",942.8,9759.9,"35,82,556.8",877.2,"3,07,569.9",241.9,6361.1,256.7,1573.6,2124.7,383.1,397.8
30/09/1999,264.7,251.9,28313,162.9,391,403.5,11526.2,2191.4,264.7,120.7,992.9,"21,86,589.0",972.4,10593.7,"37,00,437.2",904.3,"3,17,781.3",251.9,6758.3,264.7,1602.5,2191.4,391,407.4
29/10/1999,310.7,290.4,32946.3,187.5,459,463,13499.4,2572,310.7,146.1,1165.3,"23,38,131.1",1141.3,12243.6,"43,50,855.2",1061.2,"3,74,391.5",290.4,8024.2,310.7,1894.6,2572,459,476.9
30/11/1999,293.2,284,30682.5,180.8,430,455.9,12723.1,2427.1,293.2,146.6,1099.6,"20,50,526.5",1076.9,11355.4,"41,08,134.0",1003.2,"3,44,676.6",284,7730,293.2,1800.2,2427.1,430,458.9
31/12/1999,283.1,280,29055.4,175.5,417.6,448.2,12307.4,2343.6,283.1,149.6,1061.7,"20,24,636.5",1039.7,10846.4,"39,68,515.3",969.3,"3,21,751.8",280,7613.9,283.1,1739.8,2343.6,417.6,442.4
31/01/2000,284.3,280.9,29969.8,173.3,411.8,452.5,12383.2,2353.9,284.3,155.3,1066.3,"20,69,501.0",1044.3,10626.6,"39,92,290.3",974.1,"3,21,342.9",280.9,8059.4,284.3,1742.1,2353.9,411.8,432.5
29/02/2000,299.9,304.9,32820.3,187.4,435.2,489.9,13076.2,2482.3,299.9,169.1,1124.6,"22,25,847.1",1101.4,11322.2,"42,15,363.4",1027.1,"3,38,685.6",304.9,8622.6,299.9,1894.6,2482.3,435.2,477.5
31/03/2000,286.4,296.8,30451.5,181.2,418.3,476.2,12481.8,2370.9,286.4,166.3,1074.1,"21,37,488.3",1051.9,10855.4,"40,26,941.9",983.1,"3,19,660.5",296.8,8156.8,286.4,1851.5,2370.9,418.3,469.9
28/04/2000,279.7,295.4,29544.7,176.6,410.5,465,12205.7,2315.7,279.7,166.7,1049,"21,72,765.5",1027.3,10623,"39,33,143.4",960.1,"3,10,514.3",295.4,8003.6,279.7,1855.2,2315.7,410.5,469
31/05/2000,275.2,304,29797.8,182.6,411.6,473.1,12100.2,2278,275.2,170,1032.1,"22,95,849.1",1010.7,10719.8,"38,73,366.9",947.1,"3,08,091.7",304,7797,275.2,1937.1,2278,411.6,476
30/06/2000,285.7,300.7,30307.7,189.4,422,469.4,12766.6,2365.1,285.7,176.1,1071.7,"24,60,128.7",1049.5,11163.7,"40,24,344.1",989.6,"3,19,341.5",300.7,8072.3,285.7,1975.3,2365.1,422,480.1
31/07/2000,281.6,299.5,30440.9,186.6,416.2,464.4,12608.5,2331.3,281.6,176.8,1056.1,"25,77,848.3",1034.2,11332.6,"39,67,520.1",980.5,"3,13,913.9",299.5,7838.9,281.6,1939.6,2331.3,416.2,479.1
31/08/2000,274.5,303.3,29675,184.1,406.9,470.7,12537.3,2272.5,274.5,177.3,1029.5,"23,18,791.8",1008.1,11217.9,"38,71,134.6",960,"3,05,860.5",303.3,7615.8,274.5,1909.5,2272.5,406.9,471.9
29/09/2000,273.7,314.1,29213.3,190.7,406.6,480.6,12557.9,2265.7,273.7,181.9,1026.5,"23,60,137.3",1005.2,11472.2,"38,75,130.3",968.7,"3,05,463.8",314.1,7613.2,273.7,1961.6,2265.7,406.6,494.1
31/10/2000,270,316.2,29280.7,186.1,408.2,478.2,12511.2,2235.2,270,182.9,1012.7,"24,14,159.3",991.7,11684,"38,62,147.1",999.2,"3,04,862.8",316.2,7529.1,270,2019.4,2235.2,408.2,510.6
30/11/2000,266,311,28994,186.6,410.3,473,12441.9,2201.8,266,182,997.8,"24,87,373.6",977,11643.6,"38,44,075.2",1007.6,"3,07,823.7",311,7406.4,266,2045.3,2201.8,410.3,509.4
29/12/2000,271.5,303.9,30384.6,186,413.9,459.5,12690.7,2246.8,271.5,184.1,1018.1,"25,64,217.6",997,11764.1,"39,38,596.3",1035.1,"3,28,373.6",303.9,7607,271.5,2078.8,2246.8,413.9,498
31/01/2001,265.5,283.2,31011.5,179.8,399.1,432.9,12352.3,2197.6,265.5,178.3,995.7,"25,16,060.2",975.1,11452.9,"38,58,974.8",1020.9,"3,37,802.3",283.2,7541.7,265.5,2063.9,2197.6,399.1,478.4
28/02/2001,261.9,284.4,30435.5,180.2,398.6,436.8,12181.4,2167.5,261.9,201.7,982.1,"25,27,846.2",961.8,11167.4,"38,11,724.2",1016.5,"3,27,893.6",284.4,7499.9,261.9,2046.4,2167.5,398.6,490.6
30/03/2001,263,289.4,31928.8,182,409.9,444.3,12260.3,2177.2,263,255.4,986.5,"26,87,371.4",966.1,11560,"38,27,377.4",1019.2,"3,39,469.0",289.4,7551.3,263,2074.9,2177.2,409.9,522.5
30/04/2001,260.5,291.9,32219,181.5,405.5,446.4,12175.4,2156,260.5,318.5,976.9,"29,01,390.8",956.7,11844.5,"37,91,466.5",1012.2,"3,45,764.9",291.9,7525.7,260.5,2105.3,2156,405.5,520.1
31/05/2001,272.4,311.5,33173.6,191,419.7,477.6,12777.7,2254.3,272.4,309.9,1021.4,"30,71,386.3",1000.4,12391.8,"39,77,007.0",1057,"3,53,402.7",311.5,7911.2,272.4,2171.2,2254.3,419.7,523.4
29/06/2001,270.2,316.9,33055,192.8,411.9,482.5,12699,2236.7,270.2,330,1013.5,"30,57,267.7",992.6,12226,"39,91,175.4",1048.8,"3,49,579.4",316.9,7876.1,270.2,2177.5,2236.7,411.9,521.6
31/07/2001,267.5,310.9,33315.3,189.2,409.2,470.6,12608.9,2214.3,267.5,355.8,1003.4,"29,08,674.4",982.6,12203.2,"39,85,318.4",1055.3,"3,48,610.7",310.9,7823.6,267.5,2193.2,2214.3,409.2,525.4
31/08/2001,272.4,302.5,33071.9,189.6,419.3,458.1,12835.3,2254.5,272.4,382.5,1021.5,"24,44,395.0",1000.5,12234.2,"40,79,712.9",1143.3,"3,50,040.7",302.5,7998.7,272.4,2262.4,2254.5,419.3,519.6
28/09/2001,283.4,311,33597.7,193.7,444,463.5,13501.6,2345.8,283.4,421.7,1063,"26,36,663.4",1041,12564.1,"42,51,085.0",1206.5,"3,67,175.2",311,8347.4,283.4,2455.8,2345.8,444,561
31/10/2001,283.1,312.4,34340.4,195,444.6,462.3,13589.7,2342.8,283.1,455.4,1061.6,"28,53,850.7",1039.7,12660.6,"42,52,167.6",1204.9,"3,68,811.3",312.4,8369.6,283.1,2625.4,2342.8,444.6,561.1
30/11/2001,276.2,310.9,33792.6,192.4,439.9,455.9,13254.2,2285.8,276.2,420.3,1035.7,"29,16,479.2",1014.3,12259.5,"41,56,943.9",1177.8,"3,54,242.4",310.9,8241.3,276.2,2688.4,2285.8,439.9,534.5
31/12/2001,275.9,308.9,35036.1,191.6,434.7,455.7,13205.2,2283.2,275.9,400.8,1034.5,"28,31,577.5",1013.2,12110,"41,56,271.2",1218.6,"3,55,317.4",308.9,8324.6,275.9,3194.9,2283.2,434.7,536.1
31/01/2002,281.5,318.8,37348.1,196.6,450.5,470.2,13596.5,2330,281.5,384.7,1055.8,"29,25,867.6",1034,12390.5,"42,52,076.5",1298.2,"3,70,743.6",318.8,8611.2,281.5,3265.9,2330,450.5,544.8
28/02/2002,295.5,339.5,39476.6,207.7,471.5,501.6,14378.4,2445.7,295.5,402.8,1108.2,"30,22,141.3",1085.4,12949.9,"44,70,790.4",1366.9,"3,90,255.0",339.5,9122.2,295.5,3395.9,2445.7,471.5,576.3
29/03/2002,294.1,335.4,38508,206.7,466.5,492.3,14325.4,2433.9,294.1,399.8,1102.8,"29,14,224.7",1080.1,12758.4,"44,58,291.8",1361.9,"3,88,948.8",335.4,9148.8,294.1,3373.4,2433.9,466.5,560.1
30/04/2002,302.7,341.4,39530.2,209.7,478.6,500.4,14799.4,2505.4,302.7,400.1,1135.1,"28,69,777.7",1111.8,13139.6,"46,05,576.8",1401.7,"3,98,807.0",341.4,9445,302.7,3348.9,2505.4,478.6,565.3
31/05/2002,314.5,342.9,39703.4,215.5,487,499.6,15400.2,2603,314.5,441.3,1179.4,"28,63,073.8",1155.1,13458.7,"47,93,631.9",1453.6,"3,96,790.5",342.9,9836.6,314.5,3182.9,2603,487,571
28/06/2002,321.2,335.3,39574.6,216.2,492.3,493.7,15714.3,2658.4,321.2,496.9,1204.5,"28,01,198.5",1179.7,13526.4,"49,02,979.5",1486.7,"3,92,741.7",335.3,10102.5,321.2,3278.7,2658.4,492.3,565.7
31/07/2002,313.3,315.7,36975.9,201.5,484.2,461.6,15270.2,2593,313.3,520.8,1174.9,"28,09,582.3",1150.7,12922.2,"47,94,156.3",1451,"3,71,231.0",315.7,9883.1,313.3,3162.7,2593,484.2,566.2
30/08/2002,310.3,317.2,36918.3,201.8,487.2,464.4,15067,2567.9,310.3,508.4,1163.5,"27,68,645.7",1139.5,13079.6,"47,55,127.1",1437,"3,71,333.9",317.2,9800,310.3,3279.9,2567.9,487.2,573.2
30/09/2002,319.1,325.3,38579.9,205.1,502.6,476.4,15452.8,2641.5,319.1,528.1,1196.9,"28,58,141.3",1172.2,13674.3,"48,94,172.5",1479.2,"3,86,235.1",325.3,10103.2,319.1,3381.4,2641.5,502.6,583.8
31/10/2002,316.6,322.5,39209.4,203.3,499.6,472.5,15303.8,2620.1,316.6,524.6,1187.2,"28,94,425.4",1162.7,13812.1,"48,60,618.5",1466.4,"3,92,615.0",322.5,10041.7,316.6,3262.3,2620.1,499.6,575.3
29/11/2002,319.1,318.5,38762.2,202.9,501.3,467.3,15391,2641,319.1,512.1,1196.6,"28,93,030.9",1172,13819.9,"49,05,438.8",1478.6,"3,86,470.4",318.5,10158,319.1,3074.3,2641,501.3,568.4
31/12/2002,331.9,326.3,40539.3,209.4,517.6,479.4,15973.1,2747.4,331.9,525.5,1244.8,"29,61,648.7",1219.1,14382,"51,09,980.1",1537.5,"4,01,314.1",326.3,10573.6,331.9,2976.2,2747.4,517.6,589.9
31/01/2003,356.9,335.9,42392.4,220.7,549.9,491.2,17094.4,2953.7,356.9,594.1,1338.3,"31,72,037.2",1310.7,15259.4,"55,02,149.0",1684.8,"4,20,205.3",335.9,11361.7,356.9,3101.9,2953.7,549.9,611.9
28/02/2003,359,333,42880.3,223.2,543.1,488.6,17136.7,2971.3,359,586.3,1346.2,"31,92,660.9",1318.5,15397.6,"55,39,594.4",1979.8,"4,27,784.8",333,11367.4,359,2970.3,2971.3,543.1,603.3
31/03/2003,340.6,315,40390.1,215,502.6,462.8,16221.2,2818.8,340.6,569.8,1277.1,"30,38,554.5",1250.8,14561.6,"52,58,463.0",1939.5,"4,20,964.4",315,10709.3,340.6,2737.1,2818.8,502.6,565.7
30/04/2003,328.2,302.3,39347.9,208.4,478.8,452.2,15547.4,2716.4,328.2,534.3,1230.7,"28,90,958.8",1205.4,14086.5,"50,73,845.1",1922.8,"4,04,596.8",302.3,10239.2,328.2,2513.5,2716.4,478.8,538.6
30/05/2003,355.7,307.4,41713.4,219.1,491.6,465.6,16744.2,2943.9,355.7,530.4,1333.9,"29,96,507.7",1306.4,14998.7,"55,01,310.6",2119.8,"4,26,954.7",307.4,10994.8,355.7,2732,2943.9,491.6,549.4
30/06/2003,356.4,305.4,42166.8,214.6,482.4,470.4,16640.5,2949.6,356.4,509.4,1336.4,"29,30,094.8",1308.9,14842.1,"55,18,031.7",2136.3,"4,25,465.7",305.4,10859.2,356.4,2805.4,2949.6,482.4,535.9
31/07/2003,351,308.6,41658.9,216.2,484.6,477.3,16221.3,2905.5,351,493.2,1316.4,"29,27,177.6",1289.3,14665.4,"54,43,746.9",2142.3,"4,14,366.7",308.6,10655,351,2645.3,2905.5,484.6,530.3
29/08/2003,359.8,322.3,42714.5,225.6,502.1,496.4,16520,2977.8,359.8,504.8,1349.2,"30,62,640.6",1321.4,14984.7,"55,82,491.9",2211.1,"4,24,092.3",322.3,10923.5,359.8,2654,2977.8,502.1,552
30/09/2003,379,336.9,43535.2,235,517,521.2,17365.8,3136.6,379,522.5,1421.2,"32,04,008.4",1391.8,15335.9,"58,86,948.4",2327.4,"4,41,435.9",336.9,11593.9,379,2766.2,3136.6,517,572.3
31/10/2003,378.9,323.5,41477.3,225.7,500.9,501,17195.6,3136.2,378.9,545.1,1421,"31,97,786.8",1391.7,15053.9,"59,00,713.3",2327,"4,42,259.2",323.5,11414.9,378.9,2637.4,3136.2,500.9,545.4
28/11/2003,389.9,332.8,42555.8,230.7,511.5,518.9,17756.6,3227.3,389.9,575.8,1462.3,"33,14,757.8",1432.1,15564.5,"60,97,347.4",2397.1,"4,62,464.5",332.8,11617.4,389.9,2617.3,3227.3,511.5,544.1
31/12/2003,407,331.8,43890.8,232.9,535.2,515.8,18538.2,3368.4,407,584.3,1526.2,"34,54,718.5",1494.7,16173.9,"63,63,694.4",2506.6,"4,84,718.6",331.8,11980.6,407,2644.2,3368.4,535.2,551.3
30/01/2004,413.8,327.8,43990.1,226.9,536.6,513.4,18794.8,3424.9,413.8,557.6,1551.8,"34,69,316.7",1519.9,16180.2,"64,83,168.0",2550.7,"4,89,577.7",327.8,11927.5,413.8,2879.1,3424.9,536.6,536.9
27/02/2004,404.9,320.3,43176.3,216.8,538.6,504,18312.7,3351.2,404.9,538.6,1518.4,"34,13,922.0",1487.1,15820.1,"63,66,997.7",2500.7,"4,72,152.5",320.3,11541.9,404.9,2731.9,3351.2,538.6,520.9
31/03/2004,406.7,331.5,44106.9,222.6,540.4,519.1,18270.1,3366,406.7,537.5,1525,"34,89,038.8",1493.7,16040.9,"64,05,463.9",2517.3,"4,74,095.5",331.5,11602.6,406.7,2687.6,3366,540.4,542.5
30/04/2004,403.3,336.4,43445.9,223.9,541.6,523.3,17697.8,3337.8,403.3,551.3,1512.3,"34,78,531.4",1481.2,15906.2,"63,40,635.3",2496.5,"4,64,926.3",336.4,11585,403.3,2655.4,3337.8,541.6,543.2
31/05/2004,383.8,319.8,43084.4,214.7,529.1,492.4,17331.1,3176.6,383.8,583.5,1439.3,"34,57,972.4",1409.6,15568.1,"60,42,354.0",2374.4,"4,51,824.5",319.8,11125.8,383.8,2601.4,3176.6,529.1,545.5
30/06/2004,392.4,323.1,42917.9,214.7,532.8,490.6,17842.5,3247.5,392.4,586.3,1471.5,"36,85,058.4",1441.2,16010.2,"61,72,277.8",2432.6,"4,54,571.6",323.1,11390.9,392.4,2518.9,3247.5,532.8,565.1
30/07/2004,398.1,324.5,43556.1,216,526.7,495.5,18313.2,3294.9,398.1,578.6,1492.9,"35,97,136.6",1462.2,16293,"62,63,114.5",2471.5,"4,61,052.0",324.5,11576,398.1,2439.2,3294.9,526.7,556.1
31/08/2004,400.5,328.3,44161.4,219.9,525.6,505.1,18543.6,3314.9,400.5,592.1,1502,"37,04,218.8",1471.1,16620.3,"63,12,059.0",2488.6,"4,63,686.8",328.3,11703.9,400.5,2585.8,3314.9,525.6,562.5
30/09/2004,405.3,331.9,44620.6,226.1,522.5,512.2,18660,3354.3,405.3,609.6,1519.9,"37,22,495.1",1488.6,16802.8,"63,85,324.5",2524.5,"4,65,393.9",331.9,11841.9,405.3,2648.4,3354.3,522.5,577.2
29/10/2004,420.5,336.5,45747.1,232.8,524.3,519,19229.4,3480,420.5,626.5,1576.8,"38,26,608.7",1544.4,17363.8,"66,24,147.1",2623.7,"4,80,018.9",336.5,12215.6,420.5,2686.8,3480,524.3,573.1
30/11/2004,439.4,337.9,45993.8,236.2,525.6,514.1,19796.1,3636.5,439.4,637.2,1647.7,"39,61,912.9",1613.7,17694.7,"69,24,788.8",2736,"4,77,252.2",337.9,12550.3,439.4,2652.3,3636.5,525.6,569.9
31/12/2004,442.1,330.8,45961.3,229.3,539.4,507.7,19417.4,3658.8,442.1,620.4,1657.9,"40,74,686.6",1623.6,17347.2,"69,74,384.8",2748.2,"4,65,229.9",330.8,12344.3,442.1,2543.8,3658.8,539.4,577.5
31/01/2005,424,323.9,43831,226,519.5,501.1,18523,3509.5,424,574.4,1590.2,"38,99,854.4",1557.3,16422.2,"66,92,656.1",2498.3,"4,40,219.5",323.9,11861.4,424,2540.7,3509.5,519.5,554.2
28/02/2005,423.4,325.3,44440.2,224.3,525.1,504.2,18481.5,3503.8,423.4,556,1587.7,"39,16,273.7",1554.9,16283.5,"66,88,207.7",2460.4,"4,32,648.4",325.3,11835.1,423.4,2544.1,3503.8,525.1,542
31/03/2005,434.3,328.7,45647,227.7,527.9,509.3,18957.7,3594.7,434.3,568.3,1628.8,"40,72,054.8",1595.2,16747.4,"68,66,873.2",2520.2,"4,37,413.3",328.7,11999.4,434.3,2614.2,3594.7,527.9,552.3
29/04/2005,429.2,331.7,46030.3,226.4,530.7,513.2,18760.7,3552.5,429.2,584.3,1609.7,"41,02,157.9",1576.5,16974.4,"67,93,497.4",2489.5,"4,33,627.1",331.7,11932.5,429.2,2640.7,3552.5,530.7,555.2
31/05/2005,421.9,332.5,44994.8,227.6,529.9,513.8,18341.2,3491.6,421.9,577.4,1582.1,"39,98,213.4",1549.5,16799.8,"66,82,889.4",2446,"4,22,980.0",332.5,11792.4,421.9,2676.1,3491.6,529.9,551
30/06/2005,430.7,354.3,46825.6,236.9,534.2,545.3,18757.9,3564.3,430.7,585.2,1615,"41,47,280.8",1581.8,17629.1,"68,30,689.5",2496.3,"4,35,999.6",354.3,12282.4,430.7,2904.5,3564.3,534.2,561.5
29/07/2005,424.5,352.7,47517.1,242.4,519.7,549.5,18460.4,3489.5,424.5,567.9,1591.9,"41,63,412.9",1559.1,17702.4,"67,35,694.0",2453.8,"4,40,298.5",352.7,12180.1,424.5,2845.6,3489.5,519.7,564.2
31/08/2005,437.9,356.1,48441.2,244.1,527.6,553.2,19085.3,3548.1,437.9,588.7,1642.4,"43,62,387.7",1608.5,18017.5,"69,51,049.4",2528,"4,47,400.4",356.1,12469.1,437.9,2830.7,3548.1,527.6,574.9
30/09/2005,456.1,372.5,50677.7,252.4,537.3,577.3,20011.1,3690.3,456.1,611.9,1710.5,"46,67,042.8",1675,18720.4,"72,42,476.8",2629.9,"4,69,673.3",372.5,12942.4,456.1,2901.6,3690.3,537.3,595.8
31/10/2005,469.9,390.9,53971.6,266.4,553.2,605.5,21049.6,3801.1,469.9,637.3,1762.6,"47,40,756.9",1725.8,19224.5,"74,72,628.3",2707.2,"4,91,644.5",390.9,13420.2,469.9,3094.1,3801.1,553.2,623.5
30/11/2005,476.7,404.6,56475.6,275,563.3,625.3,21769.3,3853.2,476.7,647.8,1787.7,"47,84,207.8",1750.8,19606.3,"75,79,782.3",2745.8,"4,96,037.1",404.6,13718.1,476.7,3170.6,3853.2,563.3,648.4
30/12/2005,510.1,430,60556.7,291.7,592.1,665.2,23298,4119.6,510.1,689.8,1913.1,"50,24,330.0",1873.6,20978.9,"81,13,252.6",2932,"5,22,699.1",430,14692.4,510.1,3243.4,4119.6,592.1,685.1
31/01/2006,549.9,453.5,63480,311,636.6,702.6,24324,4434.6,549.9,733.1,2062.2,"52,01,502.9",2019.7,21742.5,"87,50,038.4",3154.4,"5,39,851.7",453.5,15575.8,549.9,3341.5,4434.6,636.6,733
28/02/2006,555,465,65429.5,317.7,637.8,724.7,24565.6,4467.9,555,735.6,2081.4,"51,36,238.0",2038.5,21860.6,"88,37,306.6",3182.7,"5,38,401.2",465,15652.4,555,3394.7,4467.9,637.8,748.5
31/03/2006,557.1,463.3,65352.1,319.5,644.9,727.3,24750.2,4475.9,557.1,744.6,2089.3,"51,02,303.4",2046.1,21703.8,"88,65,592.7",3198,"5,43,162.4",463.3,15522.6,557.1,3481.3,4475.9,644.9,767.3
28/04/2006,610.7,497.2,71398.9,345.2,698.5,783,27413.1,4893.7,610.7,814.3,2290.3,"54,49,063.9",2242.9,23177.4,"97,29,021.2",3510.5,"5,81,505.0",497.2,16817.4,610.7,3714.2,4893.7,698.5,828.4
31/05/2006,675.4,528.6,75389.3,361.1,749.8,822.7,30618.5,5412.5,675.4,971.7,2532.5,"60,94,246.1",2480.5,25658.9,"1,07,85,714.4",3893,"6,35,469.2",528.6,18259.7,675.4,4271,5412.5,749.8,883.8
30/06/2006,596.2,470.9,68310.1,323.4,664.1,734.6,27435.6,4772.5,596.2,955.8,2235.9,"55,82,800.1",2189.6,22870.8,"95,28,377.7",3433.8,"5,69,030.3",470.9,16093.6,596.2,4154,4772.5,664.1,805.9
31/07/2006,633.7,499.5,73303.5,343.5,715.1,783.7,29447.3,5063.4,633.7,982.8,2376.7,"57,86,829.9",2327.6,24069,"1,01,37,789.3",3643.2,"6,02,559.7",499.5,17052.3,633.7,4482.4,5063.4,715.1,842.1
31/08/2006,632.6,493.7,73282.7,333.9,707.9,778.9,29436.7,5043.6,632.6,928,2372.5,"57,51,598.3",2323.5,23785.7,"1,01,27,953.9",3633.1,"6,07,987.1",493.7,16923.4,632.6,4389.5,5043.6,707.9,828.7
29/09/2006,598.2,470.1,70058.1,317.4,667.6,744.6,27583.2,4745.7,598.2,886.4,2243.4,"54,73,109.0",2197.1,22397.6,"95,90,895.5",3433.6,"5,70,038.1",470.1,16007.6,598.2,4450.3,4745.7,667.6,791.8
31/10/2006,585.8,464.4,69511.8,312.3,661,738.4,26628,4628.7,585.8,865.8,2196.4,"53,74,841.7",2151.5,21853.8,"94,08,536.2",3360.5,"5,58,507.2",464.4,15737.8,585.8,4475.8,4628.7,661,777.2
30/11/2006,627.8,487.1,73626.4,328.4,713.6,775.5,28147.2,4936.6,627.8,915.2,2354.6,"57,37,641.6",2306,22928.6,"1,00,99,787.6",3593.3,"5,87,303.2",487.1,16695.1,627.8,4549.4,4936.6,713.6,812.8
29/12/2006,629.8,476.5,73663.3,320.7,725.5,760.5,28116.5,4927.4,629.8,902.1,2361.9,"57,25,087.1",2313.1,22481.4,"1,01,18,408.0",3600.3,"5,82,313.9",476.5,16550.7,629.8,4435.2,4927.4,725.5,801.4
31/01/2007,631.2,485.9,76029,322.2,742.4,784.9,27961.2,4915.5,631.2,899.4,2367.3,"57,27,884.2",2318.2,22345.4,"1,01,33,526.0",3600.5,"5,91,362.2",485.9,16724,631.2,4538.1,4915.5,742.4,806.4
28/02/2007,664.7,508.2,80088.8,339.5,778.4,823.8,29348.2,5151.8,664.7,929.2,2493.1,"60,27,945.0",2441.3,22589.8,"1,06,31,069.5",3788.3,"6,22,956.4",508.2,17488,664.7,4771.2,5151.8,778.4,849.3
30/03/2007,654.9,494.5,76813.8,336.3,765,797.7,28785,5067.6,654.9,922.3,2455.6,"60,05,972.1",2404.7,21936.4,"1,04,85,740.6",3733.8,"6,17,581.0",494.5,17095.6,654.9,4815.4,5067.6,765,825.9
30/04/2007,679.4,502,80766.2,341.2,769.5,822.4,28611.5,5247.5,679.4,922,2548,"61,77,502.0",2494.9,23696.2,"1,08,95,179.0",3865.7,"6,32,311.1",502,17533,679.4,4825.1,5247.5,769.5,820.1
31/05/2007,666.9,493.4,80552.8,336.2,730.1,814.4,27238.3,5118.7,666.9,890.3,2501,"58,95,945.7",2449.1,23089.3,"1,07,08,805.6",3794.8,"6,18,892.1",493.4,17219.7,666.9,4681.5,5118.7,730.1,808
29/06/2007,655.5,488.6,80400.9,330,698,808.4,26735.6,5003,655.5,864.9,2458.4,"58,88,820.6",2407.5,22668,"1,05,63,111.7",3733.7,"6,08,392.9",488.6,16987.1,655.5,4691.6,5003,698,778.2
31/07/2007,665.3,484.8,80808.9,327.1,698.8,803.3,26890,5039.7,665.3,851.5,2495.2,"60,35,213.9",2443.4,22421.7,"1,07,34,589.7",3780.3,"6,11,073.4",484.8,16985.9,665.3,4639.4,5039.7,698.8,767.1
31/08/2007,665.4,488.5,77673.8,330.9,704.2,800.2,27161.7,5039.5,665.4,874.7,2495.8,"62,35,382.7",2443.9,22749.3,"1,07,87,003.2",3763.5,"6,21,903.9",488.5,17051.9,665.4,4807.8,5039.5,704.2,803.7
28/09/2007,712.7,512.3,81988.2,353.1,731.3,844.7,28735.7,5360.6,712.7,897.8,2670,"66,28,552.0",2616.8,24412.4,"1,15,43,558.2",4012.4,"6,62,249.7",512.3,18027.7,712.7,5063.7,5360.6,731.3,841.9
31/10/2007,754.6,530.3,87434,369,736.2,886.1,29824.5,5661.3,754.6,905.2,2822.7,"68,66,299.8",2770.9,25775.8,"1,21,36,690.4",4182.7,"6,90,258.0",530.3,18776,754.6,5102.9,5661.3,736.2,839.3
30/11/2007,806.3,549.4,89433.9,389.5,779.2,905.7,31812.3,5982.8,806.3,960.3,3007,"74,71,028.8",2958.8,27318.6,"1,29,50,947.4",4444.4,"7,40,207.8",549.4,19727.9,806.3,5414.1,5982.8,779.2,900.7
31/12/2007,803.2,551.5,90202,397.3,806.8,915.1,31693.9,5924.8,803.2,947.4,3009.8,"75,03,725.7",2950,27075.5,"1,28,84,709.2",4443.5,"7,47,254.5",551.5,19735.2,803.2,5477.8,5924.8,806.8,920.8
31/01/2008,889.6,604.4,95794.6,451.6,900.1,978.8,35020.6,6440.7,889.6,1045.4,3336.3,"83,64,140.3",3267.2,29517.2,"1,42,20,660.9",4901.8,"8,38,670.2",604.4,21776.3,889.6,6235.9,6440.7,900.1,1009.1
29/02/2008,922.3,625.3,98777.6,469.6,921.7,1005.3,36671,6608.3,922.3,1103.4,3458.1,"84,66,224.9",3387,30026.1,"1,47,15,129.1",5080.1,"8,70,639.6",625.3,22595.1,922.3,7066,6608.3,921.7,1010.1
31/03/2008,968.4,623.6,97649.1,483.4,968.9,980.1,39065.6,6851.6,968.4,1207.2,3630.4,"88,77,338.6",3556.2,30466.1,"1,54,13,403.9",5297.8,"9,49,655.9",623.6,22965.9,968.4,7724.5,6851.6,968.9,1047.6
30/04/2008,909.7,577.4,93376.2,459.1,923.2,922.1,36432.1,6367,909.7,1182.9,3411.9,"83,71,586.0",3341.1,28734.7,"1,46,60,825.1",4930.6,"8,97,602.0",577.4,21396.6,909.7,7067.1,6367,923.2,977.8
30/05/2008,888.7,571.5,92723.3,452.4,887.8,928.5,37481.1,6197.4,888.7,1107.3,3333,"82,41,676.6",3264,28534.9,"1,43,72,816.9",4760.9,"9,21,049.2",571.5,21085.1,888.7,6767.3,6197.4,887.8,936.3
30/06/2008,889.5,571.7,95091.6,452.4,903.8,922.6,38110.9,6135.8,889.5,1098.5,3335.7,"82,58,650.3",3267.1,29538.9,"1,46,98,339.4",4756.1,"9,16,850.8",571.7,21028.8,889.5,7063.1,6135.8,903.8,935.3
31/07/2008,939.8,596.3,"1,00,389.2",472.7,951.9,965.7,40263.1,6424.8,939.8,1138.3,3523.3,"86,06,923.7",3451.8,31475.7,"1,57,93,856.3",5000.9,"9,56,846.9",596.3,21948.4,939.8,7156.6,6424.8,951.9,976.6
29/08/2008,839,560.1,91701.5,444.1,883.9,907.9,36050.1,5748.9,839,989.4,3146.6,"76,74,150.3",3081.8,28390.4,"1,39,39,212.4",4476,"8,76,431.4",560.1,20306.2,839,6424.1,5748.9,883.9,950.2
30/09/2008,829.9,577.9,88483,461.1,877.9,920.3,37866.6,5674.6,829.9,1031.2,3114.6,"77,56,727.7",3048.4,28432.4,"1,37,82,913.1",4514.8,"9,43,438.4",577.9,21017.5,829.9,6683.7,5674.6,877.9,1014.2
31/10/2008,806.6,606.5,80861.1,476.8,949,921,39183.3,5513.9,806.6,1186.1,3031.8,"80,09,836.1",2962.9,27770.7,"1,34,56,386.0",4473,"10,64,399.1",606.5,21336.7,806.6,7823.3,5513.9,949,1177.2
28/11/2008,760.9,597.3,73679.3,496.5,927.7,906.2,37325.9,5196.1,760.9,1215,2854.8,"88,16,348.2",2794.8,26701.8,"1,28,90,352.0",4210.6,"10,67,872.6",597.3,20793.8,760.9,7700.4,5196.1,927.7,1158.1
31/12/2008,816.1,607.5,74491.7,548.1,1009.5,937.2,39753.9,5597,816.1,1264.6,3061.9,"91,89,856.5",2997.6,28615.3,"1,39,03,703.8",4507.4,"11,19,923.3",607.5,22890.8,816.1,8147.3,5597,1009.5,1218.8
30/01/2009,858.7,649.2,77479.1,595,1052.6,968.8,41983.4,5869.9,858.7,1379.3,3221.1,"95,53,535.7",3154.1,29982.8,"1,50,07,209.3",4750.3,"11,66,584.1",649.2,27413.6,858.7,8530.2,5869.9,1052.6,1275.1
27/02/2009,943.2,737.5,87623.5,654.8,1175.4,1098.8,46533,6448.2,943.2,1569.3,3537.6,"1,11,55,446.3",3464.2,33334,"1,64,88,761.2",5256,"13,59,658.4",737.5,33777.2,943.2,9419.8,6448.2,1175.4,1452.2
31/03/2009,924.3,708.7,90427.6,652.2,1168.6,1068.1,47388.4,6318.8,924.3,1581.8,3466.4,"1,09,30,224.6",3394.9,33054.8,"1,62,29,642.3",5212.3,"13,42,876.4",708.7,31982.7,924.3,9198.4,6318.8,1168.6,1388.4
30/04/2009,890.2,675,87906.2,605.1,1090.6,1022.3,44625.9,6081.4,890.2,1433.7,3338.5,"97,99,733.4",3269.8,31536.5,"1,58,25,494.1",5015.2,"11,90,281.9",675,29845.3,890.2,7985.9,6081.4,1090.6,1246.4
29/05/2009,928.6,679.9,89641.7,602,1069.3,1027.3,45105.7,6337.6,928.6,1445.4,3482.6,"96,22,793.3",3410.6,32150.1,"1,65,10,584.3",5221.9,"11,67,643.9",679.9,29644.6,928.6,7788,6337.6,1069.3,1212.8
30/06/2009,945.7,674.9,91431.1,577.9,1064.8,1022.6,45177.4,6462.5,945.7,1462.6,3546.5,"96,27,329.0",3472.7,32273.1,"1,68,21,087.1",5297.7,"11,93,409.5",674.9,29387.4,945.7,7605.3,6462.5,1064.8,1178.8
31/07/2009,934.2,663.4,88228.2,570.8,1048.7,1008.3,45262.5,6382.5,934.2,1417.6,3503.6,"94,32,647.2",3431.3,31810.3,"1,66,35,531.9",5208.7,"11,78,748.7",663.4,29451.7,934.2,7429.5,6382.5,1048.7,1161
31/08/2009,949.4,665.7,90202.4,574.1,1031.9,1014.7,45883.5,6486.6,949.4,1412.8,3560.4,"94,56,104.8",3487,32298,"1,69,11,971.2",5259.2,"11,76,416.2",665.7,30061.2,949.4,7550.8,6486.6,1031.9,1137.1
30/09/2009,996.6,684.2,91091,610.4,1077.9,1036.4,48224.3,6805,996.6,1484.9,3737.4,"98,14,100.7",3660.5,33694.9,"1,77,69,943.4",5495.3,"12,10,715.8",684.2,30625.9,996.6,7488.5,6805,1077.9,1156.4
30/10/2009,1043.2,703.7,94210.7,644.1,1099.2,1065.5,48744.7,7121.7,1043.2,1535.6,3912.1,"98,85,817.2",3831.5,34858.1,"1,86,19,423.4",5710.7,"12,25,598.0",703.7,30700.4,1043.2,7804.2,7121.7,1099.2,1150.7
30/11/2009,1127,755.4,"1,00,423.0",679.1,1192.3,1140.9,52490.1,7694.8,1127,1682.5,4226.6,"1,06,48,178.3",4139.7,37509.2,"2,02,42,736.1",6153.8,"13,10,720.6",755.4,32622,1127,8456.1,7694.8,1192.3,1225.3
31/12/2009,1134.7,775.9,"1,01,683.3",697.7,1196.9,1166.8,52883.4,7747.5,1134.7,1709.3,4256,"1,07,23,189.1",4167.8,37677.7,"2,09,65,099.9",6222.5,"13,22,122.3",775.9,34148,1134.7,8491.7,7747.5,1196.9,1254.9
29/01/2010,1118,783.4,"1,01,911.8",691.8,1165.5,1155.9,51342.6,7632.4,1118,1647.1,4192.6,"1,03,61,100.6",4105.7,36931.1,"2,06,53,021.9",6089.2,"12,72,873.4",783.4,33378.3,1118,8335.6,7632.4,1165.5,1223.5
26/02/2010,1095.4,800.8,98769.6,701.6,1157.9,1174.8,50761.8,7480.8,1095.4,1664.1,4107.9,"1,02,25,656.4",4023.2,36309.4,"2,05,47,337.6",6007.2,"12,66,870.2",800.8,33021,1095.4,8408.9,7480.8,1157.9,1236.3
31/03/2010,1113.3,820.4,"1,01,031.4",739.6,1138.9,1187.5,50672.4,7600,1113.3,1708,4175.2,"1,02,02,868.2",4089.2,36207.1,"2,12,49,108.3",6109.6,"12,66,120.7",820.4,32916.7,1113.3,8252.6,7600,1138.9,1220.3
30/04/2010,1148.7,856.3,"1,07,361.5",748.8,1153.8,1227.5,51111.1,7840.8,1148.7,1710.9,4307.9,"1,03,68,826.2",4219.1,37081.6,"2,18,31,038.2",6351.8,"12,80,595.3",856.3,33517.9,1148.7,8450.5,7840.8,1153.8,1239.2
31/05/2010,1205.4,963.4,"1,10,720.0",824.4,1256.8,1365.2,55372.2,8230.7,1205.4,1873.8,4520.6,"1,10,57,934.8",4427.5,39039.9,"2,29,01,519.9",6777.9,"14,07,594.0",963.4,36853.4,1205.4,9244.1,8230.7,1256.8,1390.6
30/06/2010,1232.9,1009.2,"1,11,943.7",835.3,1280.8,1387.6,57418.5,8406.8,1232.9,1946,4623.8,"1,12,65,492.5",4528.4,40031.7,"2,34,14,787.2",7000.4,"14,96,796.6",1009.2,38543.5,1232.9,9426.1,8406.8,1280.8,1446
30/07/2010,1193,932.8,"1,04,379.0",780,1245.2,1256.6,55867.6,8084.3,1193,1836.1,4473.8,"1,07,86,543.0",4381.7,38559.6,"2,27,71,514.9",6797.8,"14,37,668.6",932.8,36521.6,1193,8994.6,8084.3,1245.2,1362.4
31/08/2010,1215.8,942.3,"1,03,810.9",776.6,1265.6,1263.8,56639.7,8252,1215.8,1836.1,4559.6,"1,09,07,484.4",4465.6,38622,"2,34,18,798.4",6921.6,"14,34,236.0",942.3,36936.2,1215.8,8867.9,8252,1265.6,1351.5
30/09/2010,1271,970.9,"1,07,253.8",815.9,1312.9,1271.7,58462.6,8569.5,1271,1895.8,4766.4,"1,14,14,620.6",4668.2,39170.3,"2,47,68,711.0",7248.7,"14,77,650.8",970.9,39136.4,1271,9047.1,8569.5,1312.9,1353.9
29/10/2010,1342,965.5,"1,09,704.5",846,1365.9,1299.8,59610.4,8948.8,1342,1911.6,5032.8,"1,19,81,822.0",4929.1,40208.7,"2,61,57,983.3",7685.4,"15,06,024.6",965.5,40675,1342,9270.8,8948.8,1365.9,1367.1
30/11/2010,1369.9,1004.5,"1,13,103.5",858.4,1387.1,1348.5,61638,9113.9,1369.9,1979.7,5137.2,"1,22,48,407.2",5031.4,40923.4,"2,67,04,782.4",7886.2,"15,45,124.9",1004.5,42496,1369.9,9559.3,9113.9,1387.1,1385.8
31/12/2010,1390.6,1052.1,"1,16,070.0",891,1402.7,1350.7,62781.7,9250.3,1390.6,2113,5215,"1,25,44,967.3",5107.4,41853.4,"2,71,11,749.1",8058.5,"15,93,128.1",1052.1,42948.4,1390.6,9513.9,9250.3,1402.7,1403.7
31/01/2011,1356.4,1015.2,"1,12,173.4",858.9,1348.2,1299.7,61660.9,8951.2,1356.4,2123,5086.7,"1,22,57,457.2",4982,41485.8,"2,64,46,267.7",7887.6,"15,17,939.4",1015.2,40857.3,1356.4,9410.9,8951.2,1348.2,1363.6
28/02/2011,1372.7,1005.5,"1,13,389.1",851,1355.1,1304.9,62371.6,9040.3,1372.7,2181.2,5148.2,"1,22,39,971.5",5042,42157,"2,79,17,812.5",8073.9,"15,36,328.1",1005.5,40154.7,1372.7,9858.9,9040.3,1355.1,1361.2
31/03/2011,1424,1015.8,"1,16,298.2",881.2,1390.9,1308,64040.4,9350.2,1424,2246.7,5340.4,"1,24,74,154.5",5230.3,43238.1,"2,97,15,154.4",8442.4,"15,96,019.0",1015.8,40459.6,1424,9824.5,9350.2,1390.9,1408.7
29/04/2011,1473.8,1021.6,"1,22,928.5",901.6,1413.6,1326.7,65436.9,9627.6,1473.8,2243.5,5527,"1,27,54,388.2",5413.1,44344,"3,07,38,814.8",8781.1,"16,00,455.0",1021.6,41408,1473.8,9923,9627.6,1413.6,1396.2
31/05/2011,1510.4,1055.9,"1,22,548.9",926,1464,1320.6,67905.2,9812.3,1510.4,2383.1,5664.5,"1,29,29,234.3",5547.8,45672.3,"3,11,83,536.6",8982.2,"16,38,291.4",1055.9,42224.3,1510.4,10384.6,9812.3,1464,1417.1
30/06/2011,1528.7,1061.8,"1,22,964.1",942.8,1493.5,1284.2,68549.9,9898,1528.7,2448.5,5732.7,"1,30,93,958.9",5614.7,46659.2,"3,14,90,268.1",9095.9,"16,52,239.1",1061.8,42764.8,1528.7,10378.7,9898,1493.5,1440.5
29/07/2011,1572.8,1101.8,"1,24,721.8",974.1,1503.5,1293.7,69851.1,10156.9,1572.8,2606.3,5898.3,"1,34,15,737.6",5776.8,47340.3,"3,23,78,018.0",9371.3,"16,64,602.1",1101.8,43895.4,1572.8,10682.2,10156.9,1503.5,1459.8
31/08/2011,1755.8,1226.5,"1,35,129.2",1074,1725.6,1370.1,79635.9,11245.3,1755.8,3084.4,6584.6,"1,49,73,092.1",6449,52455.8,"3,64,44,244.1",10468.2,"18,86,896.7",1226.5,50635.1,1755.8,12448.6,11245.3,1725.6,1673.3
30/09/2011,1771.9,1287.2,"1,36,099.1",1122.3,1774,1543.9,84349.6,11321.4,1771.9,3184.4,6645.3,"1,54,48,288.2",6508,53873.9,"3,69,02,805.6",10566.4,"19,82,075.2",1287.2,54386.4,1771.9,13366.3,11321.4,1774,1730.8
31/10/2011,1665.2,1213.7,"1,27,618.6",1056.6,1699.8,1492.3,82053.6,10612.1,1665.2,3043.5,6245.2,"1,47,62,359.4",6116.3,51413.7,"3,48,18,184.8",9939,"19,16,901.2",1213.7,51992.8,1665.2,13249.9,10612.1,1699.8,1641.1
30/11/2011,1739,1282.8,"1,34,783.8",1100.3,1782.3,1579.3,88268.3,11053.6,1739,3152.3,6521.8,"1,56,50,083.4",6387.2,53828.1,"3,65,32,011.4",10405.7,"19,71,918.2",1282.8,53631.4,1739,14170.8,11053.6,1782.3,1721.7
30/12/2011,1652.3,1253.3,"1,28,595.4",1060,1691.9,1540,86615.9,10498.7,1652.3,3086.2,6196.7,"1,49,57,592.5",6069,51420.6,"3,47,16,730.6",9944.2,"18,94,733.8",1253.3,52123,1652.3,13544.4,10498.7,1691.9,1633.3
31/01/2012,1656.1,1284.8,"1,27,450.9",1067.7,1678.5,1554.9,84587.2,10465.7,1656.1,3045.8,6210.9,"1,49,95,683.4",6083,52263.7,"3,47,33,086.8",9998.3,"18,92,571.3",1284.8,51822.6,1656.1,13273.7,10465.7,1678.5,1591.1
29/02/2012,1742.6,1316.7,"1,36,849.9",1102.8,1736.8,1589.4,85728,10978.4,1742.6,3063.5,6535.4,"1,56,80,733.8",6400.6,53517.5,"3,63,91,881.2",10516,"19,56,851.1",1316.7,51871.7,1742.6,13313.9,10978.4,1736.8,1623.3
30/03/2012,1673.8,1267.4,"1,37,951.4",1057.9,1663.5,1528.3,84334.4,10567.3,1673.8,2998.4,6277.3,"1,53,03,249.3",6147.7,51410.6,"3,48,89,934.8",10100.8,"18,85,579.4",1267.4,49145.1,1673.8,12735.1,10567.3,1663.5,1590.3
30/04/2012,1650.1,1253.1,"1,34,021.5",1030.4,1637.3,1506.4,85476.4,10405.6,1650.1,2947.7,6188.2,"1,51,25,049.7",6060.7,50949.4,"3,43,84,555.3",9969.9,"18,73,983.7",1253.1,48609.1,1650.1,12919.4,10405.6,1637.3,1593.7
31/05/2012,1585.5,1240.1,"1,26,321.1",996.9,1602.6,1489.7,86363.4,10030.1,1585.5,2872.4,5946.1,"1,46,76,977.2",5823.6,49670,"3,30,67,124.1",9577.6,"18,35,437.7",1240.1,49084.2,1585.5,12954.2,10030.1,1602.6,1590.7
29/06/2012,1596.7,1273.2,"1,26,781.6",1025.4,1639.8,1529,89590.7,10160.4,1596.7,2905.5,5988.2,"1,50,24,694.7",5864.7,50546.2,"3,34,38,401.3",9656.6,"18,56,480.6",1273.2,52332.9,1596.7,13377.7,10160.4,1639.8,1595.2
31/07/2012,1593.9,1297.3,"1,25,880.4",1022.5,1616.7,1558,88374.5,10154.9,1593.9,2887.8,5977.5,"1,50,37,225.5",5854.4,50420.8,"3,32,66,822.7",9664.6,"18,20,715.9",1297.3,51792,1593.9,13148.5,10154.9,1616.7,1548.1
31/08/2012,1626,1311.2,"1,27,942.0",1034.4,1613.7,1574.8,90330,10341.1,1626,2921.8,6098,"1,54,33,500.3",5972.4,51117.1,"3,39,20,714.6",9890.7,"18,40,410.5",1311.2,51959.4,1626,13436,10341.1,1613.7,1552.2
28/09/2012,1744.5,1355.4,"1,36,313.5",1082.3,1707.5,1638.8,95072.2,11026.7,1744.5,3141.4,6542,"1,66,66,137.0",6407.4,54049.9,"3,63,92,873.9",10630.6,"19,60,038.9",1355.4,54748.1,1744.5,14413.3,11026.7,1707.5,1678.1
31/10/2012,1747,1346.5,"1,37,980.2",1086.5,1723,1628.9,92757.8,10944.6,1747,3148.1,6551.5,"1,67,59,353.1",6416.8,53606.6,"3,64,43,021.6",10657.6,"19,32,525.7",1346.5,54367.1,1747,15112.3,10944.6,1723,1696.9
30/11/2012,1721.1,1341.5,"1,39,473.2",1078.4,1716.5,1616.6,94419.6,10728.8,1721.1,3086.7,6454.7,"1,65,53,352.4",6321.7,52852.9,"3,58,88,867.5",10506.2,"18,71,148.9",1341.5,53999,1721.1,15159.5,10728.8,1716.5,1654.6
31/12/2012,1688.5,1288.6,"1,40,861.6",1046.2,1670.1,1557.8,92222.1,10526.6,1688.5,3015.5,6332.4,"1,62,64,067.7",6202,51736.8,"3,51,99,084.6",10391,"18,17,939.6",1288.6,51900.1,1688.5,14567.7,10526.6,1670.1,1610.7
31/01/2013,1671,1256.4,"1,48,809.4",1047.2,1658.2,1543.8,90658.5,10396,1671,2958.7,6266.5,"1,61,41,038.9",6137.5,50205.9,"3,48,27,181.8",10982.7,"17,82,100.5",1256.4,50503.8,1671,14716.2,10396,1658.2,1591.5
28/02/2013,1627.6,1219.1,"1,51,503.9",1051.5,1643.5,1499,87618.3,10144.7,1627.6,2892.3,6103.9,"1,57,57,259.4",5978.2,48534.9,"3,39,48,329.4",10944.2,"17,68,489.0",1219.1,49168.4,1627.6,14451.8,10144.7,1643.5,1578.7
29/03/2013,1592.9,1229.2,"1,50,967.2",1056.5,1632,1507.4,86693.1,9901.2,1592.9,2880.7,5973.6,"1,54,63,845.0",5850.6,47023.1,"3,33,62,991.3",10793.2,"17,56,128.9",1229.2,49084,1592.9,14642.6,9901.2,1632,1540.1
30/04/2013,1485.1,1139.6,"1,45,425.8",969.7,1512.9,1390.4,80775.6,9186.8,1485.1,2666.9,5569.4,"1,44,38,507.7",5454.6,43189.3,"3,10,49,874.4",10220.5,"16,65,768.9",1139.6,46515.4,1485.1,13507,9186.8,1512.9,1430.4
31/05/2013,1413.5,1089,"1,42,696.2",924.7,1442.3,1351.4,77722.1,8680.2,1413.5,2583.3,5300.9,"1,37,89,433.5",5191.8,42062.9,"2,96,37,118.6",9847.5,"15,71,640.3",1089,44316.3,1413.5,13233.3,8680.2,1442.3,1427.8
28/06/2013,1342.4,1018,"1,30,637.7",867.1,1384.8,1254.2,78302.7,8234.3,1342.4,2549.8,5034.2,"1,32,47,989.9",4930.4,41357.9,"2,82,32,841.1",9393.6,"15,23,374.1",1018,43425.6,1342.4,13429.4,8234.3,1384.8,1422.2
31/07/2013,1286.7,983.6,"1,28,239.8",848,1339,1216.4,76948.9,7893,1286.7,2487.1,4825.6,"1,29,63,065.4",4726.2,40054.5,"2,73,04,144.4",9017.6,"14,48,653.5",983.6,42157.5,1286.7,12756.6,7893,1339,1405.1
30/08/2013,1347.1,1011.9,"1,31,668.3",868.7,1401.7,1247.5,84743.9,8246.6,1347.1,2642.8,5052.1,"1,41,78,540.5",4947.9,42569.2,"2,84,50,253.8",9413.7,"15,03,917.7",1011.9,44488.6,1347.1,13555.4,8246.6,1401.7,1491
30/09/2013,1348.8,1010.6,"1,33,839.9",850.5,1396.6,1246.5,86135,8255.1,1348.8,2720.9,5058.6,"1,52,64,893.1",4954.1,42767.9,"2,84,98,611.7",9312.2,"14,63,306.6",1010.6,43947.5,1348.8,13460.9,8255.1,1396.6,1452.9
31/10/2013,1316.2,964.6,"1,28,684.6",817.8,1363.9,1188,81132.9,8033.8,1316.2,2611.3,4936.1,"1,49,30,686.6",4834.4,41071.4,"2,77,84,010.5",9068.5,"14,03,608.0",964.6,42186.5,1316.2,13036.3,8033.8,1363.9,1383.2
29/11/2013,1275.8,945.9,"1,27,758.3",792.4,1338.1,1165,79891,7773.9,1275.8,2583.5,4784.8,"1,48,07,842.4",4686.1,40371.8,"2,69,23,088.7",8787.6,"13,55,882.7",945.9,41780.7,1275.8,13028.6,7773.9,1338.1,1369.3
31/12/2013,1225.4,894.1,"1,26,529.7",748.7,1304,1094.6,75805.8,7445.3,1225.4,2519.7,4595.9,"1,47,80,145.6",4500.9,39591.3,"2,58,72,541.5",8451.6,"12,93,628.0",894.1,40301.1,1225.4,12705,7445.3,1304,1363.1
31/01/2014,1244.8,914.2,"1,29,175.5",755.8,1362.5,1125.4,77315.8,7532.7,1244.8,2767.8,4668.5,"1,51,33,143.8",4572.1,40999.8,"2,62,47,644.6",8664.6,"13,27,238.2",914.2,42116,1244.8,13551.4,7532.7,1362.5,1405.6
28/02/2014,1301,951.9,"1,32,798.8",785.2,1437.5,1162.5,80958.3,7911.9,1301,2869.8,4879.1,"1,54,99,712.6",4778.5,42455.2,"2,74,46,447.2",9056.3,"13,93,132.1",951.9,45973.5,1301,14247,7911.9,1437.5,1449.6
31/03/2014,1336.1,966.1,"1,36,737.9",803.8,1483.8,1176.4,81442,8247.2,1336.1,2956.5,5010.8,"1,52,53,877.2",4907.4,43267.5,"2,81,90,227.9",9301,"14,30,480.4",966.1,48264.9,1336.1,14357.4,8247.2,1483.8,1470.6
30/04/2014,1299,940.6,"1,33,115.4",775.8,1427.6,1146.8,78376.9,8086.1,1299,2759.9,4871.7,"1,48,48,664.1",4771.3,41993.7,"2,74,03,618.4",9072.2,"13,55,088.6",940.6,46346.7,1299,13690.8,8086.1,1427.6,1394.8
30/05/2014,1287.5,937.6,"1,30,998.2",764.4,1402.6,1144.2,76425.3,8031.9,1287.5,2691.1,4828.9,"1,48,49,144.1",4729.1,41882,"2,72,00,061.0",9128.9,"13,19,460.7",937.6,44845.3,1287.5,13405.1,8031.9,1402.6,1383.5
30/06/2014,1279.1,940.9,"1,30,539.2",756.5,1385.4,1145.7,76433.5,7970.3,1279.1,2711.9,4797.4,"1,52,13,636.6",4698.1,41583.9,"2,71,89,443.6",9145.7,"13,03,388.9",940.9,43954.5,1279.1,13666.2,7970.3,1385.4,1366
31/07/2014,1311,968.6,"1,33,409.5",768.1,1407.3,1176.9,78752.5,8127.2,1311,2778.3,4916.6,"1,52,87,042.4",4815.2,42096.1,"2,78,43,120.4",9373.5,"13,37,922.3",968.6,45537.8,1311,13974.5,8127.2,1407.3,1396.5
29/08/2014,1296,972.7,"1,33,336.1",775.6,1415.4,1178.6,78909.9,7976.3,1296,2797.6,4860.5,"1,51,61,646.1",4760.2,41500.7,"2,74,83,209.7",9266.4,"13,28,028.1",972.7,46883.4,1296,13811.4,7976.3,1415.4,1391.9
30/09/2014,1238.8,960.2,"1,32,851.3",759.8,1362.6,1159.7,75404.8,7605.3,1238.8,2740.3,4646.4,"1,47,36,588.3",4550.1,39883,"2,62,72,035.2",8857.6,"12,80,960.3",960.2,47106.8,1238.8,13597.1,7605.3,1362.6,1368.1
31/10/2014,1222.5,964.5,"1,32,051.6",760.8,1371.2,1165,75051.9,7488.6,1222.5,2753,4586.2,"1,48,42,871.8",4490.2,39687.5,"2,59,86,368.8",8740.9,"12,97,631.3",964.5,50085.9,1222.5,13519.3,7488.6,1371.2,1392.8
28/11/2014,1176.3,942.6,"1,36,850.8",745.5,1331.9,1133.6,72587.2,7206.5,1176.3,2627.6,4413.6,"1,43,11,907.4",4320.6,38587.3,"2,51,02,270.3",8410.6,"12,90,748.2",942.6,54414.6,1176.3,13040,7206.5,1331.9,1361
31/12/2014,1202.3,973.9,"1,43,427.8",768.4,1385.4,1171,75304.6,7438.6,1202.3,2754.4,4512.6,"1,49,42,202.9",4416.1,39573.1,"2,56,99,046.6",8596.4,"13,27,239.4",973.9,68556.5,1202.3,13810.2,7438.6,1385.4,1454.6
30/01/2015,1251.9,1079,"1,48,031.3",826.8,1515.6,1177.5,77801.2,7785.1,1251.9,2922.3,4701.7,"1,57,47,957.5",4598.1,40985.5,"2,67,42,886.3",9117.3,"13,62,280.2",1079,80712.5,1251.9,14464.2,7785.1,1515.6,1550.8
27/02/2015,1227.2,1080.6,"1,45,710.2",800.5,1534.5,1147.6,76152.6,7672.8,1227.2,3024.7,4604.2,"1,56,57,971.7",4507.5,39969.3,"2,61,77,993.1",9363.2,"13,48,480.1",1080.6,79052.8,1227.2,14214.4,7672.8,1534.5,1575.1
31/03/2015,1178.6,1089.3,"1,41,900.5",788,1487,1154.4,73637.5,7354.1,1178.6,3056.4,4420.5,"1,53,99,075.6",4329.1,38455.4,"2,52,73,922.9",8993,"13,11,651.0",1089.3,70946.5,1178.6,14242.7,7354.1,1487,1525.7
30/04/2015,1197.9,1109.1,"1,43,229.2",800.6,1477,1150.3,75179.9,7430.6,1197.9,3189.3,4492.8,"1,55,04,232.8",4400,38991.6,"2,58,67,807.6",9140.1,"13,00,474.7",1109.1,63058.1,1197.9,14386.8,7430.6,1477,1546.8
29/05/2015,1199.1,1073.7,"1,44,870.0",775.1,1460.4,1116.6,76494.1,7438.6,1199.1,3167.1,4496.6,"1,57,52,148.6",4404.2,40175.7,"2,60,79,355.4",9148.8,"13,09,262.4",1073.7,60635.6,1199.1,14346.8,7438.6,1460.4,1519.2
30/06/2015,1181.5,1053.4,"1,46,250.6",759,1461.3,1101.8,75441.4,7332.2,1181.5,3191,4430.8,"1,57,21,772.4",4339.7,39849.5,"2,57,70,489.6",9014.9,"13,14,282.7",1053.4,64581.4,1181.5,14537.3,7332.2,1461.3,1532.2
31/07/2015,1130,1026.9,"1,39,326.8",726.3,1451.4,1077.8,71923.8,7016,1130,3049.9,4238,"1,51,12,957.0",4150.6,38786.6,"2,46,50,952.2",8827.9,"12,94,692.3",1026.9,64946.2,1130,14069.7,7016,1451.4,1524.6
31/08/2015,1117.5,1003.9,"1,37,561.9",717.1,1468.6,1082.5,72670.6,7083,1117.5,3186.9,4191.3,"1,53,97,833.7",4104.5,39578.1,"2,47,58,481.5",8749.9,"13,18,351.8",1003.9,73372.1,1117.5,14396.2,7083,1468.6,1530.7
30/09/2015,1124.5,1002.4,"1,35,115.2",733.7,1492.1,1094.1,74480.3,7161.8,1124.5,3392.9,4217.5,"1,62,05,313.7",4130.2,40519.3,"2,52,82,983.8",8805.1,"13,33,594.0",1002.4,75009,1124.5,15369.1,7161.8,1492.1,1594.8
30/10/2015,1159.3,1032.1,"1,39,142.3",755.7,1514.3,1122.7,75445.7,7361.3,1159.3,3389,4347.5,"1,59,65,319.7",4257.8,41384.6,"2,59,08,311.6",9193.6,"13,27,612.4",1032.1,73160.8,1159.3,15626.5,7361.3,1514.3,1608
30/11/2015,1085.7,1012.5,"1,33,164.8",714.7,1441.7,1096.4,71858.4,6917.1,1085.7,3122.7,4072.7,"1,48,47,562.5",3987.7,38867.7,"2,43,48,157.4",8574.9,"12,52,021.1",1012.5,70601,1085.7,15364.6,6917.1,1441.7,1519.7
31/12/2015,1068.3,982,"1,30,208.7",712.5,1462,1063.8,71185.8,6888.2,1068.3,3123.1,4008,"1,48,13,554.4",3923.6,38459.9,"2,40,41,487.3",8364.5,"12,54,041.5",982,74552.9,1068.3,15986.4,6888.2,1462,1474.9
29/01/2016,1097.4,1011.6,"1,29,722.9",763.3,1561.1,1107,73942.7,7213.9,1097.4,3304.9,4117.7,"1,52,43,907.9",4030.6,39673.8,"2,45,87,098.2",8592.5,"13,20,982.0",1011.6,84714.4,1097.4,17942,7213.9,1561.1,1568.4
29/02/2016,1199.9,1081.9,"1,37,467.8",839.7,1656.4,1190.6,81885.8,7856.1,1199.9,3531.8,4500.3,"1,62,07,272.2",4407.3,42726.2,"2,67,89,749.9",9395.4,"14,60,827.0",1081.9,92648.5,1199.9,18917.3,7856.1,1656.4,1683
31/03/2016,1246.3,1120.5,"1,40,689.6",874.7,1648.9,1224,83482.8,8110.3,1246.3,3596.1,4674.2,"1,64,34,523.9",4577.8,43901.9,"2,77,92,168.4",10509.9,"14,78,528.2",1120.5,87497.5,1246.3,19171.4,8110.3,1648.9,1662.4
29/04/2016,1242.3,1095.4,"1,36,111.6",868,1593.3,1197.2,82588.6,8047.6,1242.3,3520.2,4658.7,"1,63,62,788.4",4562.8,43575.9,"2,76,99,148.5",11031.2,"14,24,416.2",1095.4,82659.6,1242.3,18135.8,8047.6,1593.3,1621.6
31/05/2016,1259.4,1114,"1,37,173.7",867.6,1632.6,1232.3,84298.9,8222.7,1259.4,3711.6,4723.4,"1,68,93,620.2",4625.8,44626.5,"2,81,06,009.4",11183.4,"14,77,700.2",1114,83068.3,1259.4,19370.1,8222.7,1632.6,1724.5
30/06/2016,1276.4,1136.5,"1,34,360.6",900.1,1645.6,1236.8,85902,8415.9,1276.4,3717.8,4787,"1,70,21,990.8",4688.2,45049.9,"2,85,07,707.8",11334.4,"14,92,031.5",1136.5,83006.2,1276.4,19205,8415.9,1645.6,1724.1
29/07/2016,1337.3,1209.3,"1,39,231.4",1017.7,1744,1313.8,89877.3,8930.7,1337.3,3965.7,5015.9,"1,75,44,112.5",4912,46861.2,"2,98,26,101.4",11875.4,"15,26,940.6",1209.3,86139,1337.3,19263.9,8930.7,1744,1776.3
31/08/2016,1341.1,1196.4,"1,35,684.0",1023.7,1742.4,1301.4,89730,8915.2,1341.1,3969.9,5029.5,"1,76,42,273.2",4925.9,46564.5,"2,99,07,924.1",11908.8,"14,89,208.1",1196.4,87039.4,1341.1,18404.6,8915.2,1742.4,1756.8
30/09/2016,1326,1182.7,"1,35,052.2",1009,1736.8,1291.2,88533.3,8848.2,1326,3936.6,4974,"1,73,83,691.4",4870.6,46054.4,"2,95,78,932.9",11775.1,"14,69,783.8",1182.7,85411.1,1326,18619.5,8848.2,1736.8,1747.1
31/10/2016,1266.6,1149.6,"1,31,597.3",1027.5,1677,1251.1,84510,8522.2,1266.6,3898.4,4750.9,"1,64,88,162.9",4652.1,44413,"2,82,61,576.5",11247.1,"14,26,572.7",1149.6,79305.1,1266.6,17638.6,8522.2,1677,1663.6
30/11/2016,1236,1145.8,"1,34,025.8",994.3,1661.8,1231.8,83514.2,8453.2,1236,4073.7,4635.7,"1,64,48,377.1",4539.8,43668.3,"2,77,61,234.0",19718.5,"14,37,096.6",1145.8,79738.8,1236,17260.6,8453.2,1661.8,1642.4
30/12/2016,1151.4,1091,"1,33,445.3",920.4,1532.8,1173.4,78132.7,7964.7,1151.4,4025,4319,"1,54,27,672.5",4229,41174.3,"2,61,51,795.9",21296.9,"13,58,291.5",1091,71528,1151.4,15933.1,7964.7,1532.8,1562.4
31/01/2017,1192.6,1121.4,"1,36,947.6",965.9,1572.7,1201.5,81224.6,8220.5,1192.6,4484.2,4473,"1,59,34,077.8",4380.5,42275.5,"2,69,48,229.9",22296.4,"14,05,710.7",1121.4,71311.7,1192.6,16169.9,8220.5,1572.7,1596.4
28/02/2017,1234.4,1159.6,"1,39,441.2",988.3,1617.8,1236,82740.7,8484.7,1234.4,4522.6,4629.3,"1,64,63,344.6",4533.6,43216.7,"2,80,47,662.7",20924.5,"14,11,229.5",1159.6,72110.9,1234.4,16280,8484.7,1617.8,1610.7
31/03/2017,1231.1,1151.4,"1,38,965.8",996.9,1648.2,1232.8,81075.7,8490.4,1231.1,4516.6,4616.9,"1,64,26,150.3",4521.6,42938.9,"2,80,60,966.3",21824.1,"13,95,591.4",1151.4,71252.4,1231.1,15899.5,8490.4,1648.2,1615.4
28/04/2017,1265.6,1180.4,"1,39,555.3",1000.6,1702.1,1266.1,81675.7,8722.5,1265.6,4620.7,4746.6,"1,68,39,451.7",4648.6,43629.6,"2,87,41,714.2",22906.4,"14,33,982.0",1180.4,71586.6,1265.6,17033.1,8722.5,1702.1,1681.8
31/05/2017,1245,1125.8,"1,39,723.8",962.7,1693.1,1227.7,80241.9,8575.5,1245,4438.2,4669.3,"1,65,85,301.7",4572.9,42929.4,"2,82,75,892.5",22509,"14,01,543.3",1125.8,71069.6,1245,16500.4,8575.5,1693.1,1675
30/06/2017,1260.3,1121.6,"1,39,736.3",983.6,1675.9,1219.6,81223,8578.9,1260.3,4435.4,4726.6,"1,67,69,419.4",4628.9,42856.1,"2,86,25,165.0",22818.5,"14,25,215.8",1121.6,73114.1,1260.3,16244.3,8578.9,1675.9,1667
31/07/2017,1236.2,1073.1,"1,39,004.6",951.4,1569.9,1187.5,79679.7,8372.6,1236.2,4404,4636.1,"1,64,98,615.7",4540.6,41708.4,"2,81,03,753.5",22137.9,"14,00,565.7",1073.1,73853,1236.2,16262.8,8372.6,1569.9,1585.6
31/08/2017,1282.3,1086.2,"1,40,818.2",990,1617.4,1238.1,82041.5,8556.6,1282.3,4497.5,4809,"1,71,10,593.5",4710,42655.7,"2,91,47,266.2",22764,"14,51,962.7",1086.2,76263.7,1282.3,16975.7,8556.6,1617.4,1620.6
29/09/2017,1315,1103.8,"1,45,598.1",987.4,1615.3,1265.5,84755.7,8635.6,1315,4568.1,4931.5,"1,74,95,918.4",4829.9,43593.5,"2,98,87,654.7",23210.5,"14,89,706.7",1103.8,75804.6,1315,17311.3,8635.6,1615.3,1649.6
31/10/2017,1279.5,1088.4,"1,44,452.2",969.6,1612.5,1256.5,83256.2,8476.1,1279.5,4709.2,4798.6,"1,73,08,279.4",4699.6,42531.1,"2,90,73,121.8",22576.8,"14,50,701.0",1088.4,73861.7,1279.5,17540.3,8476.1,1612.5,1643.3
30/11/2017,1282.3,1092.1,"1,44,623.3",970.1,1637.4,1271.3,83181.1,8491.1,1282.3,4992.2,4809.1,"1,73,46,326.6",4709.7,42202,"2,91,27,995.2",22654.3,"14,14,057.6",1092.1,75639.3,1282.3,18038,8491.1,1637.4,1682.4
29/12/2017,1261.3,1067.2,"1,42,487.9",941.5,1613.1,1246.5,81106.3,8327.3,1261.3,4849,4730.1,"1,70,99,335.5",4632.4,41160.3,"2,86,47,272.9",22471.3,"13,70,803.5",1067.2,74066.7,1261.3,16648.8,8327.3,1613.1,1653.5
31/01/2018,1331.7,1090.9,"1,47,562.7",962.9,1654.4,1278.2,84741.3,8560.8,1331.7,5018.9,4994.1,"1,78,16,013.5",4891.1,42483.1,"3,02,42,286.0",23571.5,"14,20,270.6",1090.9,75425.5,1331.7,16246.6,8560.8,1654.4,1673.1
28/02/2018,1331.5,1078.9,"1,43,632.4",953.8,1676.1,1245.5,85757.5,8416.2,1331.5,5040.6,4993.6,"1,81,10,545.3",4890.7,41916.2,"3,02,51,241.7",23527.9,"14,38,444.7",1078.9,75680.1,1331.5,15745.8,8416.2,1676.1,1692.1
30/03/2018,1324.7,1074.2,"1,40,479.8",948.3,1713.9,1255.7,86188.7,8374.1,1324.7,5155.3,4967.9,"1,82,27,154.4",4865.5,41426.1,"3,01,71,633.9",23354,"14,20,211.7",1074.2,75762.6,1324.7,15704,8374.1,1713.9,1707.5
30/04/2018,1334.7,1087.9,"1,43,804.7",947.8,1698.3,1293.5,87713.1,8409,1334.7,5432.1,5005.6,"1,84,34,117.1",4902.6,41792,"3,04,10,090.8",23607.2,"14,26,348.8",1087.9,81615.5,1334.7,16175.1,8409,1698.3,1736.6
31/05/2018,1303,1103.4,"1,42,979.7",968.2,1677.2,1299.4,88017,8303.6,1303,5784.2,4886.7,"1,82,95,000.1",4786.2,41649.3,"2,96,84,275.3",23226.4,"14,03,524.9",1103.4,81306.5,1303,16375.6,8303.6,1677.2,1732.2
29/06/2018,1281.6,1097.4,"1,41,048.6",964.4,1682.1,1268.7,86888.1,8281.9,1281.6,5930.9,4806.2,"1,79,49,788.6",4707.4,41617.5,"2,92,85,598.6",22909.9,"14,01,489.8",1097.4,80500,1281.6,17068.5,8281.9,1682.1,1709.8
31/07/2018,1238.5,1059.9,"1,38,042.3",940.5,1626.5,1231.9,85122.9,8316.9,1238.5,5904.3,4644.9,"1,78,44,905.5",4549.3,41220.7,"2,86,10,042.2",22162.6,"13,90,875.6",1059.9,77750.2,1238.5,16580,8316.9,1626.5,1673.3
31/08/2018,1201.3,1040.5,"1,33,344.5",932.7,1566.4,1187.2,83631.9,8229,1201.3,7121.7,4505.2,"1,74,91,184.3",4412.4,39705.1,"2,79,82,692.4",21489.5,"13,47,358.1",1040.5,79743.4,1201.3,16915.9,8229,1566.4,1639.3
